@rowCount	2000
w	d	t	r	n	b	g	s	v
sampu	$x_1$ jai frili fai $x_2$ .i $x_1$ na'e vrici $x_2$ .i $x_1$ to'e pluja $x_2$	gismu	sap;samp;sampu
sance	$x_1$ se krasi $x_2$ gi'e ka'e se tirna	gismu	sna;sanc;sance	{tirna}; {jvinu}; {panci}; {vrusi}; {tengu}
sanga	$x_1$ bacru ja se sance $x_2$ fau lo nu lo voksa be $x_1$ cu zgike	gismu	sag;sa'a;sang;sanga	{bacru}; {sance}; {voksa}; {zgike}
sanji	$x_1$ lifri lo nu $x_2$ zasti	gismu	saj;sanj;sanji	{lifri} .i {zasti}
sanli	$x_1$ zasni lo ka lo xadni be ce'u cu sraji gi'e cpana $x_2$ gi'e se sarji $x_3$ noi tuple ja jimca ja zbepi ce'u	gismu	sa'i;sanl;sanli	{zasni}; {xadni}; {sraji}; {cpana}; {sarji}; {tuple}; {jimca}; {zbepi}; {vreta}; {zutse}; {loldi}
sanmi	$x_1$ gunma $x_2$ noi cidja gi'e bredi lo ka se citka	gismu	sai;sanm;sanmi	{gunma}; {cidja}; {bredi}; {citka}; {gusta}; {barja}; {stasu}; {salta}; {sanso}
santa	$x_1$ jai bandu $x_2$ $x_3$ gi'e marji $x_4$ gi'e se sarji $x_5$ $x_3$	gismu	sant;santa
sarcu	lo nu $x_1$ narfau cu banzu lo nu $x_2$ narfau	gismu	sa'u;sarc;sarcu	srana fa zo {banzu} .e zo {bazysa'u} .e zo {nitcu}	sau
sarji	$x_1$ sidju $x_2$ lo ka renvi ja na'e randa ja fapro $x_3$	gismu	sra;sarj;sarji	{sidju}; {renvi}; {randa}; {fapro}
sarxe	$x_1$ ckini $x_2$ $x_3$ ja'e lo zabna ja pluka ja melbi ja to'e vlile	gismu	sax;sarx;sarxe	{ckini}; {zabna}; {pluka}; {melbi}; {vlile}; {mapti}; {lanxe}; {panpi}; {tugni}
saske	$x_1$ te ganzu ja ciste ja stura lo datni be $x_2$ bei $x_3$	gismu	ske;sask;saske	{ganzu}; {ciste}; {stura}; {datni}
satci	$x_1$ prane lo ka mapti $x_2$ lo ka ckaji	gismu	satc;satci	{prane}; {mapti}; {ckaji}
satre	$x_1$ pencu $x_2$ boi $x_3$ lo kuspe noi $x_3$ muvdu fo ke'a	gismu	sa'e;satr;satre
sefta	$x_1$ pagbu $x_2$ gi'e jimte $x_2$ lo ka ma kau ce'u canlu kei gi'e korbi $x_2$ lo bartu be $x_2$	gismu	sfe;seft;sefta	{pagbu}; {jimte}; {canlu}; {korbi}; {bartu}; {flira}; {crane}; {plita}
senci	$x_1$ suksa je se snuti lo ka se sance livbai lo vacri ja se vasxu lo nazbi jo'u lo moklu	gismu	sec;senc;senci	{suksa}; {snuti}; {sance}; {livbai}; {vacri}; {vasxu}; {nazbi}; {moklu}
senpi	$x_1$ no'e krici $x_2$ .i $x_1$ na'e birti $x_2$	gismu	sen;senp;senpi	{krici}; {birti}; {iacu'i}		senpi
senta	$x_1$ marji $x_2$ gi'e pagbu $x_3$ gi'e rotsu tersei lo pagbu be $x_3$ lo ve vimcu	gismu	set;sent;senta	{marji}; {pagbu}; {rotsu}; {tersei}; {vimcu}
senva	$x_1$ se xanri $x_2$ fau lo nu $x_1$ sipna ja nalju'i	gismu	sev;sne;senv;senva	{xanri}; {sipna}; {nalju'i}
sepli	$x_3$ ni $x_1$ zvada'o $x_2$	gismu	sep;sei;sepl;sepli	srana fa zo {tersei} .e zo {temci} .e zo {zvada'o} .e zo {klani}
serti	$x_1$ se pilno fi lo nu cpare $x_2$ kei gi'e stura $x_3$ noi se stapa gi'e sarji lo jumfa be lo cpare	gismu	ser;sert;serti	{pilno}; {cpare}; {stura}; {stapa}: {sarji}; {jumfa}
setca	$x_1$ gasnu lo nu $x_2$ nenri $x_3$	gismu	se'a;setc;setca			setca
simlu	lo nu $x_1$ ckaji $x_2$ kei noi ka'e na fatci ja satci cu se ganse $x_3$	gismu	mlu;siml;simlu	{ckaji}; {fatci}; {satci}; {ganse}; {simsa}; {jarco}
simsa	$x_1$ toltce lo ka frica $x_2$ $x_3$	gismu	smi;sims;simsa	{toltce}; {frica}; {simlu}; {dunli}; {mintu}; {panra}
simxu	ro da poi me $x_1$ cu ckini ro me $x_1$ poi na du da ku'o $x_2$ .i rau da poi me $x_1$ cu ckini rau me $x_1$ poi na du da ku'o $x_2$	gismu	sim;si'u;simx;simxu	{ckini} .i {sefsi}
since	$x_1$ re'ucti gi'e se tuple no da gi'e respa $x_2$ noi jutsi la'o xy. Serpentes .xy	gismu	sinc;since	srana fa zo {respa}
sinma	$x_1$ cinmo lo zabna $x_2$ .i $x_1$ jinvi lo du'u $x_2$ banli	gismu	si'a;sinm;sinma	{cinmo}; {zabna}; {jinvi}; {banli}; {salci}; {ckire}; {nelci}; {prami}; {censa}; {misno}
sinso	$x_1$ parbi ko'a noi $x_2$ jganu ko'e ke'a ku'o ko'i .i je ko'a sraji tersei lo pinta linji be ko'e lo te kruca be ko'a bei ko'o noi cukla gi'e se midju ko'e .i je ko'i tersei ko'e ko'o	gismu	sins;sinso	{parbi}; {jganu}; {sraji}; {tersei}; {pinta}; {linji}; {kruca}; {cukla}; {midju}
sinxa	$x_1$ noi dacti ja fasnu ja morna ja barna ja lerfu ja tcita cu se smuni $x_2$ $x_3$ gi'a krati $x_2$ lo ka se pilno $x_3$ lo ka benji lo sidbo	gismu	sni;sinx;sinxa	{dacti}; {fasnu}; {morna}; {barna}; {lerfu}; {tcita}; {smuni}; {krati}; {pilno}; {benji}; {sidbo}
sipna	$x_1$ surla lo ka na'e zukte gi'e mulno ja nalmu'o lo ka na'e sanji .i $x_1$ to'e cikna	gismu	sip;sipn;sipna	{surla}; {zukte}; {mulno}; {nalmu'o}; {sanji}; {cikna}
sirji	$x_1$ toryrai lo linji be $x_2$ e $x_3$	gismu	sir;sirj;sirji	{linji}
sirxo	$x_1$ ckini lo kulnu ja bangu ja cecmu ja natmi pe lo gugdesuje $x_2$	gismu	six;sirx;sirxo	{kulnu}; {bangu}; {cecmu}; {natmi}; {gugdesuje}; {xazdo}; {semto}; {xrabo}
sisku	$x_1$ zukte da lo nu $x_1$ facki lo du'u ma kau poi me $x_3$ cu ckaji $x_2$	gismu	sis;sisk;sisku	srana fa zo {facki} .e zo {zvasisku} .e zo {mitysisku}
sisti	$x_1$ co'u zukte ja ckaji $x_2$ .i lo nu $x_1$ zukte ja ckaji $x_2$ cu tolcfa	gismu	sti;sist;sisti	{zukte} .i {ckaji} .i {tolcfa}
sitna	$x_1$ refsku lo se cusku be $x_2$ fi'o datni $x_3$	gismu	sit;sitn;sitna	{refsku}; {cusku}; {datni}
sivni	$x_1$ srana $x_2$ noi prenu ku'o .e no drata be $x_2$ .i $x_1$ to'e gubni lo drata be $x_2$	gismu	siv;sivn;sivni	{srana}; {prenu}; {drata}; {gubni}
skami	$x_1$ minji $x_2$ noi ka'e te platu gi'e ka cpacu lo datni gi'e cmaci ja logji kanji gi'e jarco lo se kanji	gismu	sam;skam;skami	{minji}; {platu}; {cpacu}; {datni}; {cmaci}; {logji}; {kanji}; {jarco}
skapi	$x_1$ marji lo pilka be $x_2$ noi danlu	gismu	kap;skap;skapi	{marji}, {pilka}, {danlu}
skari	$x_1$ ckaji $x_2$ se ja'e lo nu $x_2$ minra lo mo kau gusni be $x_2$	gismu	ska;skar;skari	{ckaji}; {minra}; {gusni}; {blanu}; {bunre}; {cicna}; {crino}; {grusi}; {narju}; {nukni}; {pelxu}; {xunre}; {zirpu}; {xekri}; {blabi}; {carmi}; {kandi}
skicu	$x_1$ jungau fo $x_2$ fe $x_3$ fi lo du'u $x_2$ ckaji $x_4$	gismu	ski;skic;skicu	{jungau}; {ckaji}
skina	$x_1$ jvinu je sance vreji $x_2$ gi'e se finti $x_3$ lo nu $x_4$ zgana	gismu	kin;skin;skina	{jvinu}; {sance}; {vreji}; {finti}; {zgana}
skuro	$x_1$ clani je jarki kevna lo sefta be $x_2$	gismu	ku'o;skur;skuro	{clani}; {jarki}; {kevna}; {sefta}
slabu	lo nu $x_1$ ckaji $x_3$ cu pu zu co'a se sanji $x_2$ .i $x_1$ to'e cnino $x_2$ $x_3$	gismu	sau;slab;slabu	{ckaji}; {sanji}; {cnino}
slari	$x_1$ se vrusi lo ka slami fi'o ganse $x_2$	gismu	sar;slar;slari	{vrusi}; {slami}; {ganse}; {kurki}; {titla}; {silnycpina}; {krumami}
slasi	$x_1$ rutni je tabno marji $x_2$ gi'e kakne lo ka ranti je se tamgau gi'e ba bo jarbi'o	gismu	las;slas;slasi
mi'i	nalylogji jonma'o .i te jorne le li'erla'i le se li'erla'i ja'e lo preja be le se li'erla'i bei le li'erla'i .i le li'erla'i cu midju .i le se li'erla'i cu korbi	cmavo		{nalylogji} {jonma'o}; {preja}; {ga'o}, {ke'i}		mi'i	BIhI
mi'o	mi jo'u do	cmavo				mi'o	KOhA3
mi'u	tcita le se cusku le du'u la'e ri mintu la'e lo pu se cusku	cmavo		{mintu}		mi'u	UI3b
mo	preti le du'u makau brivla ja selbri ja bridi	cmavo		{brivla}, {selbri}, {bridi}, {preti}	cu'e	mo	GOhA
mo'a	namcu .i se zilkancu lo toldu'e	cmavo	mob	{namcu}; {toldu'e} {zilkancu}		mo'a	PA4
mo'e	galfi lo sumti lo meksu'i	cmavo		{sumti} {meksu'i} {galfi}		mo'e	MOhE
mo'i	galfi le se lidne cmavo be zo fa'a noi tcita fi le du'u zvati makau ku'o lo tcita be fi le du'u muvdu makau	cmavo	mov	{muvdu}		mo'i	MOhI
moi	galfi lu'e lo namcu lo selbrisle .i $x_1$ cmima $x_2$ noi porsi $x_3$ ku'o gi'e ckini le namcu $x_3$	cmavo	mom;moi	{porsi}; {mei}, {si'e}, {va'e}; {mai}, {mo'o}, {re'u}		moi	MOI
mo'o	galfi lo namcu lo tcita be lo selsku bei le du'u sinxa le du'u ri momlai le namcu loi ckupau	cmavo		{ckupau} {momlai}; {mai}		mo'o	MAI
mo'u	fi'o {mulfa'o}	cmavo		{mulfa'o}		mo'u	ZAhO
mu	namcu .i sumji li vo li pa .i se li'erla'i li vo lei kancu namcu	cmavo	mum			5;mu	PA1
mu'a	tcita le se cusku le du'u la'e ri mupli	cmavo		{mupli}		mu'a	UI3
mu'e	galfi lu'e lo bridi lo selbrisle .i $x_1$ mokca fasnu gi'e se sinxa lu'e le bridi	cmavo	muf	{mokca} {fasnu}		mu'e	NU1
mu'i	fi'o {mukti}	cmavo		{mukti}		mu'i	BAI
na'e	galfi lo selbrisle lo drata	cmavo	nal	{brivla} {drata}		na'e	NAhE
na'i	tcita le se cusku le du'u la'e ri na'e drani	cmavo				na'i	UI3a
nai	galfi le li'erla'i valsi lo smuni dukti	cmavo		{dukti}		nai	NAI
na'o	fi'o jai ve'a cafne	cmavo		{cafne}		na'o	TAhE
na'u	galfi lo selbri lo mekfancu	cmavo		{selbri} {mekfancu} {galfi}		na'u	NAhU
nau	ca dei bu'u dei	cmavo		zo nau tcita lo sinxa be lo tcini be dei .u la'e dei		nau	CUhE
ne	noi ke'a srana	cmavo		{noi} {srana}		ne	GOI
ne'a	fi'o se jibni	cmavo		{jibni}		ne'a	FAhA3
ne'i	fi'o se nenri	cmavo		{nenri}		ne'i	FAhA3
nei	brika'i dei	cmavo		{brika'i}, {dei}, {vo'a}, {vo'e}, {vo'i}, {vo'o}, {vo'u}		nei	GOhA
ne'o	mekfancu .i li ne'o abu du le fampi'i be abu	cmavo		{mekfancu}; {fampi'i}		ne'o	VUhU
ne'u	fi'o se snanu	cmavo		{snanu}		ne'u	FAhA1
ni	galfi lu'e lo bridi lo selbrisle .i $x_1$ klani fi $x_2$ gi'e se sinxa lu'e le bridi	cmavo	nil	{klani}		ni	NU
ni'a	fi'o se cnita	cmavo		{cnita}		ni'a	FAhA2
ni'e	galfi lo selbri lo meksu'i	cmavo		{selbri} {meksu'i} {galfi}		ni'e	NIhE
ni'i	fi'o {nibli}	cmavo		{nibli}		ni'i	BAI
ni'o	sinxa le du'u co'a jufmei lo cnino	cmavo		{cnino} {jufmei}		ni'o	NIhO
ni'u	namcu lerfu .i tcita le se li'erla'i namcu le du'u sinxa le du'u ri nonme'a	cmavo		{namcu}; {nonme'a}		ni'u	PA
no	namcu .i se sumji ro namcu ri .i se zilkancu lo kunti	cmavo	non	{namcu}; {kunti} {zilkancu}		no	PA1
no'a	brika'i le bridi poi vasru dei	cmavo		{brika'i}; {vasru} {bridi}		no'a	GOhA
no'e	galfi lo selbrisle lu'e lo nutli be tu'a zo je'a bi'i zo to'e	cmavo	nor;no'e	{brivla} {nutli}		no'e	NAhE
no'i	sinxa le du'u co'a jufmei lo slabu	cmavo		{slabu} {jufmei}		no'i	NIhO
noi	te jorne lo sumti lo ra'abri be ri .i tcita le se li'erla'i bridi le du'u ri pinka la'e le li'erla'i su'ivla	cmavo		{pinka} {ra'abri}; {poi}, {voi}; {ne}, {no'u}		noi	NOI
no'o	namcu .i se zilkancu lo fadni ja cnano	cmavo		{namcu}; {fadni} {cnano} {zilkancu}		no'o	PA
no'u	noi ke'a du	cmavo		{noi} {du}		no'u	GOI
nu	galfi lu'e lo bridi lo selbrisle .i $x_1$ fasnu gi'e se sinxa lu'e le bridi	cmavo	nun	{fasnu}		nu	NU
nu'a	galfi lu'e lo mekfancu lo selbrisle	cmavo		{mekfancu} {brivla} {galfi}; {na'u}		nu'a	NUhA
nu'e	tcita lo cmene ja ve skicu le du'u sinxa makau te cusku .e le du'u le cusku cu nupre fi le te cusku	cmavo		{doi}; {nupre}		nu'e	COI
nu'i	krasi lo logji jorne sumpoi noi se fanmo zo nu'u	cmavo		{sumpoi} {krasi}; {nu'u}		nu'i	NUhI
nu'o	ka'e je na pu ca'a	cmavo	nu'o	{ca'a}, {ka'e}, {pu'i}		nu'o	CAhA
nu'u	fa'orma'o zo nu'i	cmavo		{fa'orma'o}; {nu'i}		nu'u	NUhU
ny	pacimoi lerfu le lojbo	cmavo		{lerfu}		N;ny	BY2
o	logji jonma'o .i te jorne le li'erla'i sumti le se li'erla'i sumti ja'e lo rolnonvlina	cmavo		{logji} {jonma'o}; {sumti} {rolnonvlina}		o	A
o'a	tcita le se cusku le du'u la'e ri se jgira le cusku	cmavo		{jgira}		o'a	UI1
o'e	tcita le se cusku le du'u la'e ri cnijbi le cusku	cmavo		{cnijbi}		o'e	UI1
pa'i	mekfancu .i li abu pa'i by du le parbi be abu bei by	cmavo		{mekfancu}; {parbi}		pa'i	VUhU2
pai	namcu .i parbi le se klani be le korbi be lo cukla le se klani be le mijgresirji be fo cy. .i jbidu'o li cipipavopamuso	cmavo		{namcu}; {cukla} {korbi} {mijgresirji} {parbi}		pai	PA
pa'o	fi'o se pagre	cmavo		{pagre}		pa'o	FAhA1
pa'u	fi'o {pagbu}	cmavo		{pagbu}		pa'u	BAI
pau	tcita le se cusku le du'u la'e ri preti	cmavo				pau	UI3a
pe	poi ke'a srana	cmavo		{poi} {srana}		pe	GOI
pe'a	tcita le se cusku le du'u ri se sidysmu	cmavo	pev	{sidysmu}		pe'a	UI3c
pe'e	tcita le se li'erla'i jonma'o le du'u sinxa le du'u ri sumpoi te jorne	cmavo		{sumpoi} {jonma'o}		pe'e	PEhE
pe'i	tcita le se cusku le du'u la'e ri se jinvi	cmavo		{jinvi}		pe'i	UI2
pei	preti le du'u le te cusku cu cinmo makau kei .a le du'u le te cusku cu cinmo la'e le se cusku sela'u makau	cmavo		{cinmo} {preti}		pei	CAI
pe'o	tcita lo mekfancu lo du'u sinxa lo du'u ri lidne lo ro meksu'i be ri	cmavo		{lidne} {mekfancu}		pe'o	PEhO
pe'u	tcita lo cmene ja ve skicu le du'u sinxa le du'u makau te cusku .e le du'u le cusku cu cpedu fi le te cusku	cmavo		{doi}; {cpedu}		pe'u	COI
pi	namcu lerfu .i te sepli le mulna'u le frinu pagbu be le namcu	cmavo	piz			pi	PA3
pi'a	mekfancu .i li .abu pi'a by. du le nacmeimei be fo .abu bei fu by. .i .abu .e by. pinynacmei	cmavo		{mekfancu}; {pinynacmei} {nacmeimei}; {sa'i}		pi'a	VUhU4
pi'e	namcu lerfu .i nacle'u te sepli	cmavo		{namcu}; {nacle'u} {sepli}		pi'e	PA
pi'i	mekfancu .i li abu pi'i by du le pilji be abu bei by	cmavo		{mekfancu}; {pilji}		pi'i	VUhU1
pi'o	fi'o {pilno}	cmavo		{pilno}		pi'o	BAI
pi'u	nalylogji jonma'o .i te jorne le li'erla'i le se li'erla'i ja'e lo selcmipi'i	cmavo	piv	{nalylogji} {jonma'o}; {selcmipi'i}		pi'u	JOI
po	poi ke'a se steci le ka ce'u srana	cmavo		{poi}; {steci}; {srana}		po	GOI
po'e	poi ke'a se jinzi le ka ce'u se steci le ka ce'u srana	cmavo		{poi}; {jinzi}; {steci}; {srana}		po'e	GOI
po'i	fi'o {porsi}	cmavo		{porsi}		po'i	BAI
poi	te jorne lo sumti lo ra'abri be ri .i tcita le se li'erla'i bridi le du'u by. jimte le li'erla'i su'ivla le ka ce'u sinxa makau	cmavo		{jimte} {ra'abri}; {noi}; {pe}; {po}; {po'e}; {po'u}		poi	NOI
po'o	tcita le se cusku le du'u la'e ri selte'i le ka mapti	cmavo		{selte'i}		po'o	UI3b
po'u	poi ke'a du	cmavo		{poi} {du}		po'u	GOI
pu	fi'o se purci	cmavo				pu	PU
pu'a	fi'o {pluka}	cmavo		{pluka}		pu'a	BAI
pu'e	fi'o {pruce}	cmavo		{pruce}		pu'e	BAI
pu'i	ka'e je pu ca'a	cmavo	pus	{ka'e}, {ca'a}, {nu'o}		pu'i	CAhA
pu'o	fi'o {cfapru}	cmavo		{cfapru}		pu'o	ZAhO
pu'u	galfi lu'e lo bridi lo selbrisle .i $x_1$ pruce fo $x_2$ gi'e se sinxa lu'e le bridi	cmavo	puv	{pruce}		pu'u	NU1
py	pamumoi lerfu le lojbo	cmavo		{lerfu}		P;py	BY2
ra	sumka'i lo lidne noi drata le li'erla'i	cmavo		{lidne} {sumka'i}		ra	KOhA5
ra'a	fi'o {srana}	cmavo		{srana}		ra'a	BAI
ra'e	namcu lerfu .i tcita lei se li'erla'i namcu lerfu le du'u sinxa le du'u ri rapli li ci'i	cmavo		{namcu}; {rapli}		ra'e	PA
ra'i	fi'o {krasi}	cmavo		{krasi}		ra'i	BAI
rai	fi'o {traji}	cmavo		{traji}		rai	BAI
ra'o	tcita lo brika'i le du'u sinxa le du'u lei sumka'i pe ri va'o krefu se snigau	cmavo				ra'o	RAhO
ra'u	tcita le se cusku le du'u la'e ri ralju fi le ka vajni	cmavo		{vajni} {ralju}		ra'u	UI3
rau	namcu .i se zilkancu lo banzu	cmavo		{namcu}; {banzu}		rau	PA4
re	namcu .i sumji li pa li pa .i se li'erla'i li pa lei kancu namcu	cmavo	rel			2;re	PA
re'a	mekfancu .i li re'a abu du le fatne be abu noi nacmeimei	cmavo		{mekfancu}; {nacmeimei} {fatne}		re'a	VUhU4
re'e	tcita le se cusku le du'u la'e ri se krasi le ruxse'i be le cusku	cmavo		{ruxse'i}		re'e	UI4
re'i	tcita lo cmene ja ve skicu le du'u sinxa le du'u makau te cmene .e le du'u le cusku cu bredi lo'e nu te benji	cmavo		{doi}; {bredi}		re'i	COI
rei	saclu li pavo li paxa	cmavo		{xei}		rei	PA2
re'o	fi'o se lamji	cmavo		{lamji}		re'o	FAhA3
re'u	galfi lo'e namcu lo'e tcita be fi le du'u la'e le se cusku cu krefu fi le namcu ze'a le se tcita	cmavo		{krefu}		re'u	ROI
ri	sumka'i le li'erla'i	cmavo		{li'erla'i} {sumka'i}		ri	KOhA5
ri'a	fi'o {rinka}	cmavo		{rinka}		ri'a	BAI
ri'e	sinxa le du'u le cusku cu zifcru ri le nu cinmo ja ke cinmo jarco	cmavo		{cinmo} {zifcru}		ri'e	UI5
ru'e	tcita le se cusku le du'u la'e ri ruble le ka se cinmo le cusku	cmavo		{cinmo} {ruble}		ru'e	CAI
ru'i	fi'o se ranji	cmavo		{ranji}		ru'i	TAhE
ru'o	sinxa le du'u le se lidne lerfu cu rusko	cmavo		{rusko} {lerfu}		ru'o	BY1
ru'u	fi'o se sruri	cmavo		{sruri}		ru'u	FAhA2
ry	paxamoi lerfu le lojbo	cmavo		{lerfu}		R;ry	BY2
sa	vimcu pisu'o le li'erla'i se cusku .i le se li'erla'i valsi cu jarco le du'u vimcu pixokau le se cusku	cmavo		{selsku} {vimcu}; {si}; {su}		sa	SA
sa'a	tcita le se cusku le du'u ri se setca le te lisri ja sitna ja cusku'i	cmavo		{cusku'i} {setca}		sa'a	UI3a
sa'e	tcita le se cusku le du'u la'e ri satci	cmavo				sa'e	UI3
sa'i	mekfancu .i li .abu pi'a by. du le nacmeimei be fo .abu bei fu by. .i .abu .e by. rajnacmei	cmavo		{mekfancu}; {rajnacmei} {nacmeimei}; {pi'a}		sa'i	VUhU4
sai	tcita le se cusku le du'u la'e ri tsali le ka se cinmo le cusku	cmavo		{cinmo} {tsali}		sai	CAI
sa'o	mekfancu .i li .abu sa'o by. du le cneparbi be .abu bei by.	cmavo		{mekfancu}; {cneparbi}		sa'o	VUhU4
sa'u	tcita le se cusku le du'u la'e ri sampu	cmavo		{sampu}		sa'u	UI3
sau	fi'o {sarcu}	cmavo		{sarcu}		sau	BAI
se	tcita lo selbrisle le du'u le pamoi sumti cu simbasti le remoi sumti	cmavo	sel	{te}, {ve}, {xe}, {jai}		se	SE
se'a	sinxa le du'u le cusku cu sezbanzu	cmavo		{sezbanzu}		se'a
se'e	tcita le se li'erla'i nacle'u le du'u ri sinxa lo lerfu	cmavo		{lerfu} {sinxa}		se'e	BY1
se'i	tcita le se cusku le du'u la'e ri cinmo se farna le sevzi be le cusku	cmavo		{sevzi} {selfa'a}		se'i	UI5
sei	krasi lo skubancu bridi	cmavo		{skubancu}; {se'u}		sei	SEI
se'o	tcita le se cusku le du'u la'e ri se jijnu	cmavo				se'o	UI2
si'i	mekfancu .i li .abu si'i by. ga'e cy. du le snisimsumji be .abu bei by. bei cy.	cmavo		{mekfancu}; {snisimsumji}		si'i	VUhU4
si'o	galfi lu'e lo bridi lo selbrisle .i $x_1$ sidbo fi $x_2$ gi'e se sinxa lu'e le bridi	cmavo	siz	{sidbo}		si'o	NU
si'u	fi'o {sidju}	cmavo		{sidju}		si'u	BAI
nalfi	$x_1$ lo me'au $x_2$ be $x_1$ cu dunli $x_3$	experimental gismu	nalfi
nonka	$x_1$ na'e se kansa da $x_2$	experimental gismu	nonka	ti gismu gi'e smudu'i zo {nonseka} .i ra'oi nok tolcatni rafsi ti		nonka;nonseka
nuzlo	$x_1$ ckini lo kulnu ja bangu ja cecmu ja natmi pe lo gugdenuzu $x_2$	experimental gismu	nuzlo	{kulnu}; {bangu}; {cecmu}; {natmi}; {gugdenuzu}; {polno}; {glico}
parji	$x_1$ xabju $x_2$ noi jmive ku'o gi'e cpacu lo cidja lo xadni be $x_2$	experimental gismu	parji	{xabju}; {jmive}; {cpacu}; {cidja}; {xadni}
proji	$x_1$ finti $x_2$ .ije $x_2$ cu te bangu fi $x_3$ .ije $x_2$ cu sazri $x_4$ $x_5$	experimental gismu	proji			proga finti
puvza	$x_1$ fasnu pu za $x_2$ .i $x_1$ fasnu ki $x_3$ pu za $x_2$	experimental gismu	puvza	zo {pu} zo {za} zo {prujbi} zo {pruda'o} zo {bavza}
sefsi	$x_1$ ckini $x_1$ boi $x_2$	experimental gismu	sefsi	ko karbi fi zo {sevzi} .e zo {simxu} .i .ei zo'oi se'i rafsi zo sefsi .i zo sevzi na nitcu lo fanmo rafsi .i {djuse'i} .i {spose'i} .i {lacyse'i} .i {trose'i} .i {truse'i} .i {sazyse'i} .i {lumse'i} .i {lebyse'i} .i {catryse'i} .i {sajyse'i}
skuna	$x_1$ boi $x_2$ boi $x_3$ boi $x_4$ cusku	experimental gismu	skuna	panra zo {cusku} lo ka claxu lo me zo cy. sance noi so'i da jinvi lo du'u ke'a jai cafnydu'e fai tu'a lo bangu mu'u lu {cu} {cusku} li'u .i lo rafsi be zo skuna cu mintu lo me zo {cusku} moi .i za'a za'a dai lo se skicu valsi cu pu co'a cafne banzu fi lo nu jmina fi jyvysy .i ja'o kukte ko		cusku
mi'irkai	.i $x_1$ ckaji lo se minji be $x_1$	lujvo		.i naku lo minji cu roroi ckaji lo se minji .i ka'e spofu mu'a .i ji'a mu'a lo {solgu'iborkemdicyprami'i} cu mi'irkai ca lo nicte naku .i zoi .raf. sel .raf. na se pilno fi tu'a lo dei lujvo .imu'ibo no da smuni lu ckaji lo minji li'u		akti		minji;ckaji
mijgresirji	$x_1$ sirji $x_2$ boi $x_3$ gi'e pagre le midju be $x_4$ be'o $x_2$ boi $x_3$	lujvo		{midju} {pagre} {sirji}		mijgresirji		midju;pagre;sirji
mijravysirji	$x_1$ sirji $x_2$ boi $x_3$ ije $x_2$ ragve le midju be $x_4$ be'o $x_3$	lujvo		{midju} {ragve} {sirji}; {mijgresirji}		mijravysirji		midju;ragve;sirji
mijyzva	$x_1$ zvati lo midju be $x_2$	lujvo		srana fa zo {zvati} .e zo {midju}		mijyzva		midju;zvati
mikybontoknu	$x_1$ toknu $x_2$ sepi'o lo boxna be lo dicma bei fu lo klanrxertsi be li so gei ji'irepivomu ge'a pano	lujvo						mikri;boxna;toknu
mipcta	$x_1$ catlu $x_2$ gi'e mipri vo'a vo'e $x_3$	lujvo						mipri;catlu
mipke'a	$x_1$ kevna $x_2$ gi'e mipri $x_3$ $x_4$ $x_5$	lujvo		{mipri} {kevna}				mipri;kevna
mipnavni	$x_1$ navni lo ratni be li ci xa	lujvo		{mipri} {navni}; {ratni}				mipri;navni
mipygre	$x_1$ pagre $x_2$ $x_3$ $x_4$ ta'i lonu $x_1$ mipri $x_1$ $x_5$	lujvo						mipri;pagre
misygautoi	$x_1$ troci lo ka gasnu lo nu $x_2$ misno $x_3$	lujvo						misno;gasnu;troci
mitfa'i	$x_1$ facki lo du'u $x_2$ boi $x_3$ mintu $x_4$	lujvo						mintu;facki
mivyxanka	$j_1$=$xa_1$ xanka lo nu vo'a jmive	lujvo		{jmive}; {xanka}; {terpa}; {cinmo}; {sanji}; {zasti}; {remna}; {ii}				jmive;xanka
mivzu'e	$x_1$ zukte lo vrici se nitcu be $x_1$ bei lo ka jmive ja renvi ku jo'u lo ka gasnu lo se djica	lujvo		srana fa zo {jmive} jo'u zo {zukte}				jmive;zukte
mlevla	$v_1$=$m_1$ valsi $v_2$ $v_3$ gi'e melbi $m_2$ $m_3$ $m_4$	lujvo						melbi;valsi
mlezvi	$x_1$ zviki $x_2$ noi melbi ku'o $x_3$	lujvo						melbi;zviki
mlosazri	$x1$ sazri $x2$ noi molki $x3$ ku'o $x3$	lujvo						molki;sazri
mlujvenarkai	$c_1$=$s_2$ $c_2$=$s_2$ na ckaji gi'e simlu $s_3$ $s_4$	lujvo		.e'u ko tcidu tu'a zo {ckaji} .e zo {simlu}				simlu;je;na;ckaji
mo'icri	$x_1$ co'u ka'e morji $x_2$ .i va'i $x_1$ cirko lo ka kakne lo ka morji $x_2$	lujvo		srana fa zo {mo'ifli} .e zo {tolmo'i}				morji;cirko
mo'ifli	$x_1$ fliba lo ka morji $x_2$	lujvo		srana fa zo {morji} .e zo {fliba} .e zo {tolmo'i}				morji;fliba
mojrinfli	$x_1$ fliba $x_2$ ki'u lo nu $x_1$ tolmo'i lo du'u $x_1$ aidji $x_2$	lujvo						morji;krinu;fliba
mojvei	fe $x_2$ boi $x_3$ morji fa $x_5$ gi'e vreji fa $x_1$ fo $x_4$	lujvo		.i lujvo fo lo tanru be zo {morji} be zo {vreji}				morji;vreji
molctebi	$c_1$ ctebi $c_2$=$m_1$ po'u lo moklu ge'u $c_3$=$m_2$	lujvo						moklu;ctebi
molmarxa	$x1$ zukte lo ka lo moklu be ce'u cu marxa $x2$	lujvo						moklu;marxa
momkai	$x_1$ me $x_2$ moi $x_3$ boi $x_4$	lujvo						moi;ckaji
momlai	$x_1$ klani $x_2$ le ka vo'a me vo'e moi $x_3$ boi $x_4$	lujvo		{moi} zei {klani}		momlai		moi;klani
momvelru'e	$x_1$ momkai $x_2$ boi lo ve pruce be fo $x_3$	lujvo						moi;ve;pruce
mrena'u	$x_1$ namcu gi'e se tenfa lo na'e mleca be li no li re	lujvo		dunli zo {tolxarna'u} lo ka ce'u smuni .i {merli} {namcu}; {xarna'u}, {lujna'u}				merli;namcu
mreske	$x_1$=$s_1$ saske lo si'o merli ku $x_2$=$s_3$	lujvo						merli;saske
mribriju	$x_1$ briju $x_2$ noi $x_4$ no'u lo xe mrilu cu jibri ke'a ku'o $x_3$	lujvo		{mrilu} {briju}				mrilu;briju
mriste	$x_1$ liste $x_2$ noi te mrilu	lujvo						mrilu;liste
mrobi'o	$x_1$ binxo lo morsi $x_2$	lujvo		{morsi} {binxo}; {pavzilcatra}		mrobi'o		morsi;binxo
mrocarce	$c_1$ cu mrori'i ke se xislu marce $c_2$ $c_3$	lujvo				mrocarce		morsi;carce
mrodimna	$x1$ dimna lo nu morsi	lujvo		{morsi} {dimna}; {mroka'e}		mrodimna		morsi;dimna
mrodri	$b_1$ badri lo nu $m_1$ morsi	lujvo						morsi;badri
mromlu	$x_1$ simlu lo ka morsi ku $x_2$	lujvo		srana fa zo {morsi} .e zo {simlu}				morsi;simlu
mroxadni	$x_1$ xadni $x_2$ gi'e morsi	lujvo						morsi;xadni
mudycutci	$c_1$ cutci $c_2$ $c_3$=$t_1$ po'u loi mudri	lujvo						mudri;cutci
mulba'o	lo nu $x_1$ banro $x_2$ boi $x_3$ cu mulno lo ka fasnu	lujvo		.e'u ko tcidu la'e zo {mulno} .e zo {banro} .e zo {fasnu}				mulno;banro
mulbi'o	$x_1$ binxo lo mulno be $x_2$ bei $x_3$	lujvo		{mulno} {binxo}; {mo'u}		mulbi'o		mulno;binxo
mulcabna	$x_1$ cabna $x_2$ noi mulno .i $x_1$ balvi le nu $x_2$ mulbi'o	lujvo		{mulno} {cabna}; {mulbi'o} {balvi}; {ba'o}	ba'o	mulcabna		mulno;cabna
mulfa'o	$x_1$ fanmo $x_2$ noi mulno	lujvo		{mulno} {fanmo}; {mo'u}	mo'u	mulfa'o		mulno;fanmo
muljbi	$x_1$ jibni lo'e mulno be $x_2$ bei $x_3$ be'o $x_2$	lujvo		{mulno} {jibni}; {so'a}		muljbi		mulno;jibni
mulzu'e	lo nu $x_1$ zukte $x_2$ boi $x_3$ cu mulno lo ka fasnu	lujvo		.e'u ko tcidu tu'a zo {mulno} .e zo {zukte} .e zo {fasnu} .e zo {snada} .e zo {fliba}				mulno;zukte
moskov	du la'o me. Москва .me noi ke'a raltca lo gugderu'u	cmevla				moskov
mu'i nai	fi'o na'e {mukti}	cmavo-compound		.i srana zo {na'e} .e zo {mukti}			BAI*
munje	$x_1$ gunma lo ro mei be lo srana be $x_2$	gismu	muj;mu'e;munj;munje	{gunma}; {srana}; {kuspe}
mupli	$x_1$ noi cmima $x_3$ cu jarco $x_2$ noi kampu $x_3$	gismu	mup;mupl;mupli	{mu'u}; {mu'a}	mu'u	mupli
murse	$x_1$ selguskandi pagbu $x_2$ noi djedi ku'o gi'e jbini lo donri jo'u lo nicte gi'e ga purci lo solnuntolcanci gi balvi lo solnuncanci vau gi'e se stuzi $x_3$	gismu	murs;murse	{selguskandi}; {pagbu}; {djedi}; {jbini}; {donri}; {nicte}; {purci}; {solnuntolcanci}; {balvi}; {solnuncanci}; {stuzi}; {cerni}; {vanci}
murta	$x_1$ dandu gi'e gacri $x_2$ gi'e bukpu $x_3$	gismu	mur;mu'a;murt;murta	{dandu}; {gacri}; {bukpu}
mutce	$x_1$ klani lo barda be fi $x_3$ be'o $x_2$	gismu	tce;mutc;mutce	{toltce}, {milxe}; {so'i}		mutce
muvdu	$x_1$ cenba lo ka ce'u zvati makau kei fe'e co'u $x_2$ fe'e co'a $x_3$ fe'e ca'o $x_4$	gismu	muv;mu'u;muvd;muvdu			muvdu
nabmi	$x_1$ zunti lo nu $x_2$ zukte $x_3$ .i lo nu $x_2$ tolcri lo danfu be $x_1$ cu sarcu $x_3$ .i $x_1$ to'e sidju $x_2$ $x_3$	gismu	nam;nabm;nabmi	{zunti}; {zukte}; {tolcri}; {danfu}; {sarcu}; {sidju}
ko	sumka'i le tersku noi le cusku cu minde ja cpedu le nu ke'a gasnu la'e le selsku	cmavo		{sumka'i}; {tersku}; {minde}, {cpedu}		ko	KOhA3
ko'a	pamoi sumka'i .i ka'e se snigau sepi'o zo goi	cmavo		{sumka'i}; {goi}		ko'a	KOhA4
ko'e	remoi sumka'i .i ka'e se snigau sepi'o zo goi	cmavo		{sumka'i}; {goi}		ko'e	KOhA4
ko'i	cimoi sumka'i .i ka'e se snigau sepi'o zo goi	cmavo		{sumka'i}; {goi}		ko'i	KOhA4
koi	fi'o {korbi}	cmavo		{korbi}		koi	BAI
ko'o	vomoi sumka'i .i ka'e se snigau sepi'o zo goi	cmavo		{sumka'i}; {goi}		ko'o	KOhA4
ko'u	mumoi sumka'i .i ka'e se snigau sepi'o zo goi	cmavo		{sumka'i}; {goi}		ko'u	KOhA4
ku	fa'orma'o zo le .e zo la .e zo na .e zo fa .e lo'e sumtcita	cmavo		{fa'orma'o}; {la}; {lai}; {la'i}; {le}; {le'e}; {lei}; {le'i}; {lo}; {lo'e}; {loi}; {lo'i}; {na}; {sumtcita}		ku	KU
ku'a	nalylogji jonma'o .i te jorne le li'erla'i le se li'erla'i ja'e lo terkruca	cmavo	kuz	{nalylogji} {jonma'o}; {terkruca}		ku'a	JOI
ku'e	fa'orma'o zo pe'o	cmavo		{fa'orma'o}; {pe'o}		ku'e	KUhE
ku'i	tcita le se cusku le du'u la'e ri frica la'e le li'erla'i se cusku	cmavo		{frica}		ku'i	UI3b
ku'o	fa'orma'o zo noi	cmavo		{fa'orma'o}; {noi}; {poi}; {voi}		ku'o	KUhO
ku'u	fi'o {kulnu}	cmavo		{kulnu}		ku'u	BAI
ky	panomoi lerfu le lojbo	cmavo		{lerfu}		K;ky	BY2
la	gadri fo le du'u tcita lo cmene	cmavo				la	LA
la'a	tcita le se cusku le du'u la'e ri lakne	cmavo		{lakne}		la'a	UI3
la'e	sumgadri le se li'erla'i sumti le du'u sinxa le selsni be ri	cmavo		{selsni} {sumgadri}		la'e	LAhE
la'i	lu'i la	cmavo		{selcmi} {cmene} {gadri}; {lu'i} {la}		la'i	LA
mu'o	tcita lo cmene ja ve skicu le du'u sinxa makau te cusku .e le du'u le se cusku cu mulno .i le cusku cu denpa lo'e nu le te cusku cu spuda	cmavo		{doi}; {mulno}; {spuda} {denpa}		mu'o	COI
mu'u	fi'o {mupli}	cmavo		{mupli}		mu'u	BAI
my	paremoi lerfu le lojbo	cmavo		{lerfu}		M;my	BY2
na	tcita lu'e lo bridi le du'u sinxa le natfe be la'e ri	cmavo	nar	{bridi} {natfe}; {ja'a}		na	NA
na'a	fanmo ro le nu lerfu cenba	cmavo		{lerfu} {cenba} {fanmo}		na'a	BY1
kloje	ro da poi me $x_1$ zo'u lo me'au $x_2$ be da cu me $x_1$.	experimental gismu	kloje	panra zo {klojere} fi lo ka na zi'evla
laldo	$x_1$ clani lo ka ma kau temci lo nu ce'u jbena kei lo cabna .i $x_1$ to'e citno	experimental gismu	laldo	{clani}; {temci}; {jbena}; {cabna}; {citno}
klagau	$x_1$ gasnu lonu $x_2$ klama $x_3$	lujvo		va'i fabu jai gau klama fai febu fibu .i va'i febu klama fibu gau fabu				klama;gasnu
klagi'a	$x_1$ gidva $x_2$ lo nu klama $x_3$ boi $x_4$ boi $x_5$	lujvo		{klama} {gidva}		klagi'a		klama;gidva
klakla	$x_1$ klama $x_2$ boi $x_3$ boi lo me $x_4$ boi $x_5$ ibabo $x_1$ klama $x_3$ boi $x_2$ boi lo me $x_4$ boi $x_5$ ije lo ve go'e jo'u lo ve go'i du $x_4$	lujvo		ji'a lu x1 klama x2 boi x2 boi x3 boi jo'u x4 boi x5 li'u				klama;klama
klamu'o	.i lo ka klamu'o cu ka ce'u goi $x_1$ mulno lo ka ce'u klama ce'u xi re goi $x_2$ ce'u xi re goi $x_3$ ce'u xi re goi $x_4$ ce'u xi re goi $x_5$ kei ce'u goi $x_6$	lujvo		.i .e'u do zgana ge zo'e ne zo {klama} gi zo'e ne zo {mulno}				klama;mulno
klasta	$x_1$ stali lo ka ce'u klama $x_2$	lujvo		srana fa zo {stali} .e zo {klama}		klasta		klama;stali
klasutra	$x_1$ sutra lonu vo'a klama $x_2$ $x_3$ $x_4$ $x_5$	lujvo						klama;sutra
klatcu	$x_1$ nitcu lo ka ce'u klama $x_2$ kei $x_3$	lujvo		srana fa zo {klama} .e zo {nitcu} .e zo {zvati} .e zo {bilga} .e zo {zifre} .e zo {cliva}		klatcu		klama;nitcu
kleci'e	$x_1$ ciste lo su'u ma kau klesi ma kau	lujvo		srana fa zo {klesi} .e zo {ciste} (to lo smuvelski pu'o .ai xagze'a toi)		kleci'e		klesi;ciste
klecmi	$x_1$ cmima ja se gunma $x_2$ noi klesi $x_3$ $x_4$	lujvo						klesi;cmima
kligau	.i lo ka ce'u goi $x_1$ kligau ce'u goi $x_2$ ce'u goi $x_3$ cu ka ce'u gasnu lo nu ce'u klina ce'u	lujvo		.i .e'u ko catlu zo'e pe zo {klina} .e zo {gasnu}		to clear		klina;gasnu
kluske	$s_1$ saske $s_2$=$k_1$ noi kulnu	lujvo				kluske		kulnu;saske
koizva	$x_1$ zvati le korbi be $x_2$ boi $x_3$	lujvo		{korbi} {zvati}; {te'e}		koizva		korbi;zvati
kolcna	$c_1$ canpa loi kolme	lujvo						kolme;canpa
krafamtei	$x_1$ temci le krasi be $x_2$ le fanmo be $x_2$	lujvo		{krasi} {fanmo} {temci}; {ze'a}, {ze'e}, {ze'i}, {ze'u}	ze'a	krafamtei		krasi;fanmo;temci
kralyma'u	$x_1$ makcu xoi ke'a banzuni lo nu $x_1$ se krali $x_2$ $x_3$	lujvo						krali;makcu
krebakfu	$x_1$ bakfu lo kerfa be $x_2$	lujvo		{kerfa}; {bakfu}				kerfa;bakfu
krecau	$x_1$ se zvati no kerfa .i $x_1$ kerfa claxu	lujvo		srana fa zo {sedykrecau}				kerfa;claxu
krilacri	$x_1$ lacri $x_2$ $x_3$ gi'e krici lo du'u $x_2$ ba zukte $x_3$ gi'enai ba traide $x_1$	lujvo						krici;lacri
kritcica	$x_1$ tcica $x_2$ lo ka ce'u krici $x_3$ $x_4$	lujvo						krici;tcica
kucmei	su'oi da zo'u ge da me $x_1$ gi da me $x_2$ .i ro'oi me $x_3$ ge me $x_1$ gi me $x_2$	lujvo		{kruca}; {me}; {fatri}; {dunli}; {simsa}; {su'oi}		kucmei		kruca;mei
kucyga'a	$x_1$ remei lo grana be $x_2$ gi'e simxu lo ka ce'u ce'u kruca i mu'a se pilno fi lo nu lo prenu cu dandu gi'e se sfasa gi'a se catra	lujvo		{kruca} {grana}				kruca;grana
kucyga'asni	$x_1$ sinxa lo kucyga'a i ta'e xriso sinxa lo nu la iesus dandu lo kucyga'a	lujvo		{kruca} {grana} {sinxa}; {kucyga'a}				kruca;grana;sinxa
kucysi'u	$x_1$ simxu lo ka ce'u ce'u kruca $x_2$	lujvo		{kruca}; {simxu}				kruca;simxu
ku'erda'o	$x_1$ darno $x_2$ loka $x_1$ kuspe $x_3$	lujvo						kuspe;darno
kuflenku	$x_1$ lenku ta'i lo se kufra be $x_2$	lujvo						kufra;lenku
kufygau	$x_1$ gasnu lo nu $x_2$ kufra $x_3$	lujvo		{kufra}; {gasnu}				kufra;gasnu
kufygla	$x_1$ glare ta'i lo se kufra be $x_2$	lujvo						kufra;glare
kukrai	$x1$ traji fo $x2$ fe loka $x1$ kukte $x3$	lujvo						kukte;traji
kuktce	$m_1$=$k_1$ mutce lo ka ce'u kukte $k_2$	lujvo						kukte;mutce
kulmu'o	$x_1$ mulno lo ka ve ckule $x_3$ boi $x_4$ boi $x_2$ boi $x_5$ kei $x_5$	lujvo						ckule;mulno
kumbartu	$b_1$ bartu $b_2$=$k_1$ po'u lo kumfa	lujvo						kumfa;bartu
kumyzda	$x_1$ zdani $x_2$ gi'e stura su'oi kumfa	lujvo		srana fa zo {zdani} .e zo {kumfa} .e zo {stura} .e zo {zdatu'a} .e zo {zdaca'u} .e zo {zdastu} .e zo {zdadi'u} .e zo {zdagu'e} .e zo {cpizda}		kumyzda		kumfa;zdani
kunske	$x_1$=$s_1$ saske lo si'o kunra ku $x_2$=$s_3$	lujvo		.e'u ko tcidu tu'a zo {derske}				kunra;saske
kurtenfa	$t_1$ tenfa $t_2$ li re	lujvo		{kurfa} {tenfa}		kurtenfa		kurfa;tenfa
kustru	$x_1$ kusru je turni $x_2$	lujvo		{kusru} {turni}				kusru;turni
kutlerpoi	$x_1$ lerpoi gi'e porsi fi no da	lujvo						kunti;lerfu;porsi
kutpoi	$x_1$ porsi fi no da	lujvo						kunti;porsi
kutygunma	$x_1$ gunma no da	lujvo						kunti;gunma
kutysetmima	$x_1$ setmima no da	lujvo						kutysetmima
kutyuenzi	$x_1$ me lu li'u .i va'i $x_1$ uenzi gi'e se pagbu no valsi ja lerfu	lujvo						kutyuenzi
ku'irni	$x_1$ mu'oi glico queer glico seja'e lo nu $x_2$ ckaji vo'a	fu'ivla
kukteko	$x_1$ koinde $x_2$ lo ka ce'u se kukte $x_3$	fu'ivla				kukteko
kurbita	$x_1$ guzme $x_2$ noi ke'a klesi la'o me. Cucurbita .me	fu'ivla		srana fa zo {guzme} .e zo {kalbasa}		kurbita
ky bu	lu ky.bu li'u bu'ivla zoi ly.q.ly.	bu-letteral
lai	lu'o la	cmavo		{cmene} {gadri}; {gunma}; {lu'o} {la}		lai	LA
lacyse'i	$x_1$ sefsi lo ka ce'u lacri ce'u $x_2$	lujvo		{sefsi} .i {lacri}				lacri;sevzi
ladmatne	$x_1$ matne lo ladru be $x_2$	lujvo						ladru;matne
ladypu'o	$p_1$ purmo $p_2$=$l_1$ po'u loi ladru	lujvo		.e'u ko tcidu tu'a zo {ladru} .e zo {purmo}				ladru;purmo
la'erji'i	$x_1$ jinvi le du'u $x_2$ lakne $x_3$ kei $x_2$ boi $x_3$	lujvo		{lakne} {jinvi}; {bavykri}; {uenai}		la'erji'i		lakne;jinvi
la'erlai	$x_1$ klani $x_2$ le ka ce'u lakne $x_3$	lujvo		{lakne} {klani}; {zilpa'a}; {cu'o}		la'erlai		lakne;klani
lafmi'i	$x_1$ minji lo ka lafmuvgau lo prenu .a lo dacti lo dijysenta lo drata be ri	lujvo		lo te lujvo cu mo'a pa mei ni'i lo du'u lo {lafmi'i} za'o {lafmi'i} ca lo ka vasru no da .i te zu'e lo nu sazri lo {lafmi'i} kei ko viska zo {pilno} .e zo {gasnu} .e zo {klama}				lafti;minji
lafydadblo	$x_1$ bloti $x_2$ noi ke'a dandu je se lafti ku'o $x_3$	lujvo		{lafti} {dandu} {bloti} {lafydadma'e}		lafydadblo		lafti;dandu;bloti
lafydadma'e	$x_1$ marce $x_2$ noi ke'a dandu je se lafti ku'o $x_3$ noi ke'a se dandu ku'o $x_4$	lujvo		{lafti} {dandu} {marce}		lafydadma'e		lafti;dandu;marce
lafydadykarce	$x_1$ karce $x_2$ noi ke'a dandu je se lafti ku'o $x_3$	lujvo		{lafti} {dandu} {karce} {lafydadma'e}		lafydadykarce		lafti;dandu;karce
lairka'e	$x_1$ kakne le ka ce'u klani $x_2$ boi $x_3$	lujvo		{klani} {kakne}		lairka'e		klani;kakne
lairtcinyske	$x_1$ te ganzu ja ciste ja stura lo datni be lo tcini be lo klani be'o bei $x_2$	lujvo		i srana zo {klani} e zo {tcini} e zo {saske}				klani;tcini;saske
lajre'e	$x_1$ trene $x_2$ $x_3$ ne bu'u lo klaji $x_4$	lujvo		.i ko catlu zo {klaji} .e zo {trene}				klaji;trene
lakpinsi	$p_1$ pinsi $p_2$=$l_1$ po'u loi lakse ge'u $p_3$	lujvo						lakse;pinsi
lamgre	$x_1$ lampagre $x_2$ fi $x_3$ fo $x_4$	lujvo		selsmudu'i zo {lampagre}				lamji;pagre
lamja'e	$x_1$ jalge $x_2$ .e no drata poi jalge $x_2$	lujvo						lamji;jalge
lamli'e	$x_1$ fe $x_2$ fi $x_3$ lidne gi'e lamji	lujvo		smudu'i zo {li'erla'i}				lamji;lidne
lamsi'u	$x_1$ simxu lo ka ce'u ce'u lamji $x_2$	lujvo		{lamji}; {simxu}				lamji;simxu
landegna'u	li no veldilcu $x_1$ noi mulna'u ku'o li re .i va'i $x_1$ dilcymu'o li re	lujvo						lanme;degji;namcu
lantro	$x_1$ jitro $x_2$ noi $x_3$ .olkai lo ka se gunma ke'a kei gi'e lanme	lujvo		lo dei valsi cu se liste la jbovlaste mu'i lo nu vo'a se mupli lo pagbu be la'o gy.CLL.gy.				lanme;jitro
la'ornacle'u	$x_1$ nacle'u lo latmo $x_2$	lujvo		me'o .ibu fa'u me'o vy. fa'u me'o xy. fa'u me'o cy. fa'u me'o dy. fa'u me'o my. la'ornacle'u li 1 fa'u li 5 fa'u li 10 fa'u li 50 fa'u li 100 fa'u li 500 fa'u li 1000				latmo;namcu;lerfu
lardai	$x_1$ larcu gi'e se cupra fi lo larcu be $x_2$	lujvo		{larcu} {dacti}		lardai		larcu;dacti
larja'ostu	$x_1$ stuzi lo nu jarco seju .arco $x_2$ noi larcu	lujvo		simsa lo muzga .i ku'i lo muzga ta'e sorcu .i je lo se larja'ostu ta'e se pleji je se vecnu				larcu;jarco;stuzi
larmuzga	$x_1$ muzga $x_2$ noi lardai ku'o $x_3$	lujvo		{larcu} {muzga}; {lardai}		larmuzga		larcu;muzga
larpra	$x_1$ cupra $x_2$ lo larcu be $x_3$	lujvo		{larcu} {cupra}		larpra		larcu;cupra
lasybo'i	$b_1$ botpi $b_2$ loi slasi $b_4$	lujvo						slasi;botpi
lasydakli	$d_1$=$s_1$ dakli $d_2$ loi slasi	lujvo						slasi;dakli
latkemsorprekarce	$x_1$ sorprekarce $x_2$ gi'e mlatu $x_3$	lujvo		{mlatu} {ke} {so'i} {prenu} {karce} {sorprekarce}				mlatu;ke;so'i;prenu;karce
latkerlo	$x_1$ kerlo $x_2$ noi mlatu .i ja $x_1$ kerlo $x_2$ gi'e simsa lo'e kerlo be lo'e mlatu	lujvo		.i ko catlu zo {mlatu} .e zo {kerlo}				mlatu;kerlo
latxli	$x_1$ nixli gi'e ckaji su'o se ckaji be lo'e mlatu	lujvo						mlatu;nixli
laucmo	$x1$ cmoni $x2$ noi cladu $x1$ ku'o $x3$	lujvo						cladu;cmoni
laurmi'a	$cm_1$=$cl_1$ cladu $cm_2$ $cm_3$ ta'i lo nu vo'a cmila	lujvo						cladu;cmila
la'uske	$x_1$=$s_1$ saske lo si'o lalxu ku $x_2$=$s_3$	lujvo						lalxu;saske
lazdu'i	$x_1$ dunli $x_2$ lo ka ma kau ce'u lanzu	lujvo		zo {lazyki'i} .e zo {lazmi'u} smusmi .i zo {lanzu} .i zo {dunli}				lanzu;dunli
laznynavni	$x_1$ navni lo ratni be li pa bi	lujvo		{lazni} {navni}; {ratni}				lazni;navni
lazyki'i	su'o lanzu [to be fi $x_3$ toi] cu se cmima $x_1$ je $x_2$	lujvo		srana fa zo {lanzu}				lanzu;ckini
lebyse'i	$x_1$ sefsi lo ka ce'u lebna ce'u $x_2$	lujvo		{sefsi} .i {lebna}				lebna;sevzi
lebysutra	$x_1$ sutra lonu lebna $x_2$ $x_3$	lujvo						lebna;sutra
lecyduspru	$x_1$ purci lo poi'i lo nu da'i $x_1$ fasnu ca ke'a cu lercydu'e $x_2$	lujvo		srana zo {clirau} si zo {cliryraunzu}				lerci;dukse;purci
leicmi	$x_1$ cmima ja se gunma ja menre $x_2$ noi klesi $x_3$ $x_4$	lujvo						klesi;cmima
lekselblu	$x_1$ se ciblu lo lenku	lujvo		{lenku} .i {ciblu}				lenku;se;ciblu
lekyze'a	$x_1$ zenba lo ka lenku	lujvo		{lenku}; {zenba}				lenku;zenba
lerfendi	$x_1$ fendi $x_2$ noi valsi ja jufra ku'o $x_3$ noi lerfu	lujvo		{lerpoi}		lerfendi		lerfu;fendi
lervla	$v_1$ valsi $v_2$=$l_1$ po'u lo lerfu ku $v_3$	lujvo		.e'u ko viska tu'a la'e zo {valsi} .e la'e zo {lerfu}				lerfu;valsi
li'erla'i	$x_1$ boi $x_2$ boi $x_3$ lidne gi'e lamji	lujvo		smudu'i zo {lamli'e}		li'erla'i		lidne;lamji
lifselsau	$x_1$ se slabu ja djuno lo du'u ma kau li'i ce'u lifri $x_2$ .i $x_1$ pu'i lifri su'o mupli be $x_2$	lujvo				lifselsau		lifri;se;slabu
li'ismi	$x_1$ simsa lo linji lo ka pa da cimde ce'u	lujvo		{simsa}; {linji}; {cimde}				linji;simsa
lijnilcla	$x_1$ nilcla $x_2$ poi ke'a linji $x_3$ ku'o zu'i $x_4$	lujvo		pa da no'u zu'i ka'e se clani lo linji				linji;ni;clani
likcri	$x_1$=$c_1$ cirko $x_2$=$c_2$=$l_1$ noi litki $x_4$=$l_2$ ku'o $x_3$=$c_3$	lujvo						litki;cirko
likro'i	$r_1$=$l_1$ $r_2$=$l_2$ rokci $r_3$ gi'e litki $l_3$	lujvo						litki;rokci
liskle	$x_1$ klesi lo lisri $x_2$	lujvo		liskle lo ka lo {mencti} be ce'u na'o terpa ja xanka (= {terpylisri}); liskle lo ka ralju srana lo nu prami (= {pramylisri})		liskle		lisri;klesi
lisycku	$c_1$ cukta $c_2$=$l_1$ po'u lo lisri ge'u $c_3$ $c_4$ $c_5$	lujvo						lisri;cukta
li'urdakli	$x_1$ po lo litru cu dakli $x_2$ $x_3$	lujvo						litru;dakli
li'ursutyjvi	$x_1$ jivna $x_2$ lo ka ce'u sutra lo ka ce'u litru $x_3$ boi $x_4$ kei kei $x_5$	lujvo		.i mu'a la .formulas. pamoi cu nu karce li'ursutyjvi .i da'i pilno zo zi'o tu'a lo nu jivna zi'o .i mupli fa lo nu sutra co samkei .i selcme ri fa lo glico no'u zo'oi speedrun .i ku'i metfo milxe fa lo nu pilno zo litru tu'a la'e de'u				litru;sutra;jivna
lizdu'o	$x_1$ li'imdu lo ka ce'u du $x_2$ kei $x_2$	lujvo						li'i;du
lojysarxe	$x_1$ sarxe lo'e logji $x_2$	lujvo						logji;sarxe
lojysra	$x_1$ poi se cusku cu mulno logji bo ciksi le du'u $x_2$ poi me'oi .theorem. gi'a bridi cu jetnu kei gi'e se sarji pe'a $x_3$ poi logji ja kampu bo selju'o klesi	lujvo				proof		logji;sarji
mulbacysta	$x_1$ stali le nu ri fasnu kei gi'e bancu $x_2$ noi nu $x_1$ mulbi'o ku'o le nu $x_1$ co'a fasnu kei le ka fasnu	lujvo		{mulno} {bancu} {stali}; {mulbi'o}; {za'o}		mulbacysta		mulno;bancu;stali
mulnonmau	$x_1$ mulna'u gi'e nonmau	lujvo						mulno;no;zmadu
mumdei	$x_1$ mu moi lo'i djedi noi pagbu $x_2$ noi jeftu li pa $x_3$	lujvo		.i frica zo {jednmu} noi srana lo si'o detri ku'o lo ka smuni .i srana zo {mu} .e zo {moi} .e zo {djedi} .e zo {jeftu}				mu;djedi
mumvlabivli'i	$x_1$ se cusku gi'e tarmi ge ge mu valsi ku pi'u bi linji vu'o no'u lo'e jungo pemci gi $x_2$ noi lo tonga cu morna ke'a gi $x_3$ noi lo rimni cu diklo ke'a	lujvo		{mu} {valsi} {bi} {linji}; {mumvlavonli'i}, {zelvlavonli'i}, {zelvlabivli'i}				mu;valsi;bi;linji
mumvlavonli'i	$x_1$ se cusku gi'e tarmi ge ge mu valsi ku pi'u vo linji vu'o no'u lo'e jungo pemci gi $x_2$ noi lo tonga cu morna ke'a gi $x_3$ noi lo rimni cu diklo ke'a	lujvo		{mu} {valsi} {vo} {linji}; {zelvlavonli'i}, {mumvlabivli'i}, {zelvlabivli'i}				mu;valsi;vo;linji
mutmaika'i	$x_1$ noi marji cu krati $x_2$ noi mucti	lujvo						mucti;marji;krati
mutmle	$x_1$ melbi $x_2$ boi $x_3$ noi se ckaji lo'e mucti	lujvo		lujvo fo lu {mucti} {melbi}				mucti;melbi
muvdandu	$x1$ dandu $x2$ gi'e muvdu $x3$ $x4$	lujvo						muvdu;dandu
muvyca'e	$x_1$ catke $x_2$ noi ri'a muvdu $x_3$ boi $x_4$ boi $x_5$	lujvo		{muvdu} {catke}		muvyca'e		muvdu;catke
muvycpu	$x_1$ lacpu $x_2$ noi ri'a muvdu $x_3$ boi $x_4$ boi $x_5$	lujvo		{muvdu} {lacpu}		muvycpu		muvdu;lacpu
muvyslidandu	$x1$ dandu $x2$ gi'e slilu lonu muvdu $x3$ $x4$ kei ce lonu muvdu $x4$ $x3$	lujvo						muvdu;slilu;dandu
muvzva	$x_1$ zvati $x_2$ gi'e muvdu zo'e zo'e zo'e ne'i $x_2$	lujvo		{muvdu} {zvati}				muvdu;zvati
muzyku'a	$x_1$ kumfa lo muzga gi'e jai bu'u muzga $x_2$	lujvo		{muzga} {kumfa}				muzga;kumfa
na'arctodetri	$x_1$ detri $x_2$ boi $x_3$ .ije $x_1$ sinxa lo na'acto be li pa bei $x_3$	lujvo		.i {nanca} zei {xecto} zei {detri} .i srana zo {na'acto} .e zo {de'i'a} to lo terbri cu se manri lo si'o zasni jbotamgau zo {detri} jo'u zo {ciste} toi	de'i'a			nanca;xecto;detri
na'ardeidetri	$x_1$ goi ko'a detri $x_2$ boi $x_3$ .ije $x_1$ sinxa lo mo'e ko'a moi be lu'i ro djedi be li pa bei $x_3$ be'o poi pagbu lo nanca be li pa bei $x_3$	lujvo		.i {nanca} zei {djedi} zei {detri} .i srana zo {detke'u} to lo terbri cu se manri lo si'o zasni jbotamgau zo {detri} jo'u zo {ciste} toi				nanca;djedi;detri
na'ardetri	$x_1$ detri $x_2$ boi $x_3$ .ije $x_1$ sinxa lo nanca be li pa bei $x_3$	lujvo		.i {nanca} zei {detri} to lo terbri cu se manri lo si'o zasni jbotamgau zo {detri} jo'u zo {ciste} toi .i srana zo {de'i'e}	de'i'e			nanca;detri
na'arjefydetri	$x_1$ goi ko'a detri $x_2$ boi $x_3$ .ije $x_1$ sinxa lo mo'e ko'a moi be lu'i ro jeftu be li pa bei $x_3$ be'o poi pagbu lo nanca be li pa bei $x_3$	lujvo		.i {nanca} zei {jeftu} zei {detri} .i srana zo {detke'u} to lo terbri cu se manri lo si'o zasni jbotamgau zo {detri} jo'u zo {ciste} toi				nanca;jeftu;detri
na'asmi	$x_1$ simsa $x_2$ lo ka ce'u ma kau nanca	lujvo				na'asmi		nanca;simsa
na'azma	$x_1$ zmadu $x_2$ lo ka ce'u ma kau nanca kei lo nanca be $x_3$	lujvo				na'azma		nanca;zmadu
nabysle	$x1$ selci $x2$ noi nanba $x3$	lujvo						nanba;selci
nabysu'a	$x1$ stura lo nanba be $x2$	lujvo						nanba;stura
nacme'e	$x_1$ namcu gi'e cmene $x_2$ boi $x_3$	lujvo						namcu;cmene
nacmei	$x_1$ me $x_2$ mei $x_3$ ce'o $x_4$ ce'o $x_5$ li'o vu'o noi namcu	lujvo		{namcu} zei {mei}; {relnacmei}, {cibnacmei}; {pinynacmei}, {rajnacmei}; {nacmemsu'a}, {nacmeimei}		nacmei		namcu;mei
nacmeimei	$x_1$ me $x_2$ mei $x_4$ ce'o $x_5$ ce'o $x_6$ li'o vu'o noi nacmei $x_3$	lujvo		{nacmei} zei {mei}; {jo'i}; {pi'a}, {sa'i}		nacmeimei		namcu;mei;mei
nacnilbra	$x_1$ nilbra $x_2$ le ka ce'u namcu .i $x_1$ nu'a cu'a $x_2$	lujvo		{namcu} {nilbra}; {cu'a}		nacnilbra		namcu;ni;barda
nacrei	$p_1$ preti lo du'u makau namcu ku $p_3$ $p_4$	lujvo						namcu;preti
nacysni	$x_1$ sinxa $x_2$ poi namcu ku'o $x_3$	lujvo						namcu;sinxa
nacyuensni	$x_1$ uensni $x_2$ noi namcu ku'o $x_3$ .i va'i $x_1$ uenzi $x_3$ gi'e sinxa $x_2$ noi namcu	lujvo						nacyuensni
nadmau	$x_1$ zmadu $x_2$ lo ka ce'u nandu $x_3$ kei $x_4$	lujvo		{nandu} {zmadu}		nadmau		nandu;zmadu
nadrai	$x_1$ traji fo $x_2$ fe lo ka nandu	lujvo						nandu;traji
nafmupli	$x_1$ me $x_3$ gi'enai ku'i ckaji $x_2$ noi kampu $x_3$	lujvo						natfe;mupli
na'ircau	$x_1$ claxu lo ka da nalci ce'u	lujvo		{nalci} .i {claxu} .i {civla}				nalci;claxu
naisku	$x_1$ cusku su'o da poi ke'a sinxa lo du'u $x_1$ jinvi lo du'u $x_2$ jitfa ku'o $x_3$	lujvo		srana fa zo {nai} .e zo {cusku} .e zo {na} .e zo {jitfa} .e zo {iesku}		naisku		natmi;cusku
najnimryjisra	$j_1$ jisra $j_2$=$ni_1$ po'u loi najnimre	lujvo						narju;nimre;jisra
nakfamti	$n_1$=$f_1$ famti $f_2$ $f_3$ gi'e nakni	lujvo		.e'u ko tcitu tu'a zo {fetfamti} .e zo {famti} .e zo {nakni}				nakni;famti
nakybakni	$ko'a$ nakni je bakni $ko'e$	lujvo		{nakni} {bakni}				nakni;bakni
nakykemcinctu	$x_1$ nakni gi'e ctuca $x_2$ zo'e lo se cinse	lujvo						nakni;ke;cinse;ctuca
nalcadgau	$x_1$ gasnu lo nu $x_2$ nalcando	lujvo		{nalcando}; {gasnu}; {cando}				na'e;cando;gasnu
nalcando	$x_1$ cenba lo ka zvati ja se .asna ma kau .i $x_1$ na'e cando	lujvo		{cenba}; {zvati}; {asna}; {cando}				na'e;cando
nalci'i	$x_1$ na'e cinri $x_2$	lujvo		{na'e} {cinri}; {a'ucu'i}		nalci'i		na'e;cinri
naldji	$x_1$ na'e djica $x_2$ boi $x_3$	lujvo		{na'e} {djica}		naldji		na'e;djica
naldra	$x_1$ na'e drani $x_2$ boi $x_3$	lujvo				na'e drani		na'e;drani
nalfaudri	$x_1$ badri lo nu $x_2$ noi $x_1$ pu djica ja kanpe ke'a cu na'e fasnu	lujvo				nalfaudri		na'e;fasnu;badri
nalfaugei	$x_1$ gleki lo nu $x_2$ noi $x_1$ pu to'e djica ja kanpe ke'a cu na'e fasnu	lujvo		srana fa zo {nalfaudri}				na'e;fasnu;gleki
nalgundei	$x_1$ djedi $x_2$ .ije ca le go'i $x_3$ na'e gunka to cando lo nu gunka toi $x_4$	lujvo						na'e;gunka;djedi
nalju'i	$x_1$ na'e jundi $x_2$	lujvo		{na'e} {jundi}; {a'acu'i}		nalju'i		na'e;jundi
nalmu'o	$x_1$ na'e mulno $x_2$ boi $x_3$	lujvo		{na'e} {mulno}; {uonai}		nalmu'o		na'e;mulno
nalnimjavnau	$x_1$ remna gi'e na ninmu gi'e na nanmu	lujvo		.e'u ko tcidu tu'a zo {remrnunmu} .e zo {ninmu} .e zo {nanmu} .e zo {remna}				na'e;ninmu;ja;nanmu
nalreldilcymu'o	$x_1$ namcu gi'e na dilcymu'o li re	lujvo		.e'u tcidu tu'a zo {reldilcymu'o}				na'e;re;dilcu;mulno
nalremda'u	$x_1$ danlu je nai remna $x_2$	lujvo		srana fa zo {danlu}				na'e;remna;danlu
naltrumri	$m_1$ mrilu $m_2$ boi $m_3$ boi $m_4$ boi $m_5$ noi lo na'e turni cu sazri	lujvo						na'e;turni;mrilu
nalvai	.i lo ka ce'u nalvai ce'u ce'u cu ka ce'u goi $x_1$ na'e vajni ce'u goi $x_2$ ce'u goi $x_3$	lujvo		.i .e'u ko catlu zo {na'e} .e zo {vajni} noi se rafsi zo vai				na'e;vajni
nalvaimenre	$x_1$ me $x_2$ .i lu'i $x_2$ selcmi da .ijeku'i lo du'u $x_1$ du makau poi itca je poi me da na vajni le cusku	lujvo						na'e;vajni;menre
nalxe'u	$x_1$ na'e xenru $x_2$	lujvo		{na'e} {xenru}; {nalzungi}; {u'ucu'i}		nalxe'u		na'e;xenru
nalzaucru	$x_1$ curmi $x_2$ noi $x_1$ ke'a na'e zanru ku'o $x_3$	lujvo				nalzaucru		na'e;zanru;curmi
nalzungi	$x_1$ na'e zungi $x_2$	lujvo		{na'e} {zungi}; {nalxe'u}; {u'ucu'i}		nalzungi		na'e;zungi
namtolxanka	$x_1$ to'e xanka $x_2$ noi nabmi $x_1$ $x_3$ ku'o $x_3$	lujvo						nabmi;to'e;xanka
nanbi'e	$x_1$ brife $x_2$ noi ke'a snanu ku'o $x_3$	lujvo		{snanu} {brife}		nanbi'e		snanu;brife
narca'acadgau	$g_1$ gasnu lo nu $g_2$=$cab_1$=$can_1$ narca'acando	lujvo		.e'u ko tcidu tu'a zo {ca'arcadgau} .e zo {narca'acando}				na;cabra;cando;gasnu
narca'acando	$cab_1$=$can_1$ na ca'arcando	lujvo		.e'u ko tcidu tu'a zo {ca'arcando} .e zo {narcando}				na;cabra;cando
narcando	$x_1$ na cando	lujvo						na;cando
nardji	$x_1$ djica lo nu na fasnu fa $x_2$ kei $x_3$	lujvo						na;djica
nardjijevgau	lo nu $x_1$ zukte da de jo'u na djica $x_2$ cu selja'e $x_2$ gi'e fasnu	lujvo		srana fa zo {gasnu} .e zo {djica} .e zo {snuti}				na;djica;je;gasnu
narfaucu'i	lo nu $x_1$ narfau cu cumki $x_2$	lujvo						na;fasnu;cumki
narfaunarcu'i	lo nu $x_1$ narfau cu narcu'i $x_2$	lujvo						na;fasnu;na;cumki
nargaubasyvla	ga je x1 basyvla x2 x3 x4 gi $x_5$ na xusra lo du'u snigau $x_1$ $x_2$	lujvo						na;gasnu;basti;valsi
narjmifri	ga je $x_1$ lifri $x_2$ gi $x_2$ na jimpe lo du'u $x_1$ lifri $x_2$	lujvo						na;jimpe;lifri
narka'e	$k_1$ $k_2$ $k_3$ na kakne	lujvo						na;kakne
narkau	naku $x_1$ kampu $x_2$	lujvo		srana fa zo {kampu} .e zo {tolkau}				na;kampu
narplixla	toldarsygau fi le nu pilno $x_1$ $x_2$ kei ki'u le nu $x_3$ noi se na'asma $x_1$ cu basti $x_1$ $x_3$ gi'e xauzma $x_1$ fo $x_2$	lujvo						na;pilno;xlali
narprugastcica	$x_1$ tcica $x_2$ lo nu $x_2$ ganse lo ka da'i ce'u punai lifri $x_1$ kei $x_3$ boi $x_4$	lujvo		{pu}{nai}, {ganse} {tcica}; {gastcica}, {prugastcica}				na;purci;ganse;tcica
narsamjo'e	$j_1$=$s_1$ poi ke'a skami cu na jorne $j_2$=$s_2$ poi ke'a skami ku'o $j_3$	lujvo		.e'u ko tcidu la'e zo {samjo'e}				na;skami;jorne
narsamjongau	$g_1$ gasnu lo nu $j_1$=$s_1$ poi ke'a skami cu na jorne $j_2$=$s_2$ poi ke'a skami ku'o $j_3$	lujvo		.e'u ko tcidu la'e zo {narsamjo'e}				na;skami;jorne;gasnu
narsumnyka'e	$k_1$ na kakne lo nu sumne ku $k_3$	lujvo		.e'u ko tcidu tu'a zo {sumnyka'e}				na;sumne;kakne
narte'ugaska'e	$k_1$ na kakne lo nu tegyga'e ku $k_3$	lujvo		.e'u ko tcidu tu'a zo {tegygaska'e} .e zo {tegyga'e}				na;tengu;ganse;kakne
nartinbe	$t_1$ na tinbe $t_2$ $t_3$	lujvo						na;tinbe
nartinka'e	$k_1$ na kakne lo nu tirna ku $k_3$	lujvo		.e'u ko tcidu tu'a zo {tinka'e}				na;tirna;kakne
nartolkau	zo'e ckaji $x_1$ gi'e me $x_2$	lujvo						na;to'e;kampu
nartolnei	$x_1$ na tolnei $x_2$	lujvo						na;to'e;nelci
narviska'e	$k_1$ na kakne lo nu viska ku $k_3$	lujvo		.e'u ko tcidu tu'a zo {viska'e}				na;viska;kakne
narvu'igaska'e	$k_1$ na kakne lo nu vusyga'e ku $k_3$	lujvo		.e'u ko tcidu tu'a zo {vusygaska'e} .e zo {vusyga'e}				na;vrusi;ganse;kakne
naryremda'u	$d_1$=$r_1$ na remna gi'e danlu $d_2$	lujvo		.e'u ko tcidu tu'a zo {na} .e zo {remna} .e zo {danlu}				na;remna;danlu
naurfamti	$x_1$ famti $x_2$ $x_3$ gi'e nanmu	lujvo		.i ko catlu zo {nanmu} .e zo {famti} .e zo {nimfamti}				nanmu;famti
nauspe	$x_1$ speni $x_2$ boi $x_3$ gi'e nanmu	lujvo		{nanmu} {speni}		nauspe		nanmu;speni
nelrai	$x_2$ traji le ka ce'u selnei $x_1$ kei $x_4$ $x_3$	lujvo						nelci;traji
nemdu'a	$x_1$ cnemu fo lo nu vo'a vo'e dunda $x_2$ kei fe $x_3$ fi $x_4$	lujvo						cnemu;dunda
nencausno	$x_1$ ri'a gi claxu lo nejni gi masno $x_2$	lujvo						nejni;claxu;masno
nencladakyxa'i	$x_1$ me la'o zoi. lightsaber .zoi gi'e $x_1$ xarci $x_2$ $x_3$ gi'e dakfu $x_2$ lo nejni gi'e clani fi $x_4$	lujvo				nencladakyxa'i		nejni;clani;dakfu;xarci
nerbei	$x_1$ bevri $x_2$ boi $x_3$ noi nenri $x_4$ ku'o $x_4$ boi $x_5$	lujvo		{nenri} {bevri}				nenri;bevri
nerfa'u	$x_1$ farlu lo nenri be $x_2$ be'o lo bartu be $x_2$	lujvo		srana fa zo {bartu} .e zo {farlu} .e {barfa'u} .e zo {zvajuko} .e zo {zvafa'i} .e zo {nenri}		nerfa'u		nenri;farlu
nerkalri	$x_1$ kalri lo nenri be $x_2$ boi $x_3$	lujvo		{nenri} {kalri}, {nerkla}				nenri;kalri
nerkla	$x_1$ klama lo nenri be $x_2$ boi $x_3$ boi $x_4$ boi $x_5$	lujvo		{nenri} {klama}; {barkla}				nenri;klama
nerklaji	$x_1$ cu klaji $x_2$ $x_3$ gi'e nenri $x_2$	lujvo		zbasu fi zo {nenri} ce'o zo {klaji}				nenri;klaji
nermla	$x_1$ mlana lo nenri be $x_2$	lujvo		{nenri}; {mlana}				nenri;mlana
neryrelbolbi'i	$x_1$ bolbi'i $x_2 x_3$.	lujvo		zo {bolbi'i}		bolbi'i		nenri;re;bolci;jbini
nilbra	$x_1$ ni $x_2$ barda $x_3$ boi $x_4$ kei $x_4$	lujvo		{ni} {barda}		nilbra		ni;barda
nilzilcmi	$n_1$ ni $c_2$ po'u lo zilcmi	lujvo						ni;zi'o;cmima
nimspe	$x_1$ speni $x_2$ boi $x_3$ gi'e ninmu	lujvo		{ninmu} {speni}		nimspe		ninmu;speni
ninfi'i	$x_1$ finti $x_2$ fi $x_3$ fo su'oi voi no ke'a ke'a je'a ralju .i $x_1$ finti $x_2$ noi panrycau ku'o $x_3$	lujvo		zo {finti} .i zo {cnino} .i zo {panra} .i zo {ralju}				cnino;finti
ninmu'o	$x_1$ mulno loka ce'u cnino $x_2$ roda $x_3$ kei $x_4$	lujvo						cnino;mulno
ninpre	$x_1$ prenu gi'e cnino $x_2$ fi $x_3$	lujvo		srana fa zo {cnino} .e zo {prenu}				cnino;prenu
nintadni	$x_2$=$c_1$=$t_2$ cnino $x_1$=$c_2$=$t_1$ lo ka ce'u ce'u se tadni kei $x_3$=$c_4$	lujvo						cnino;tadni
ninvla	$v_1$=$c_1$ valsi $v_2$ boi $v_3$ gi'e cnino $c_2$ boi $c_3$ boi $c_4$	lujvo						cnino;valsi
ninynavni	$x_1$ navni lo ratni be li pa no	lujvo		{cnino} {navni}; {ratni}				cnino;navni
nitkla	$x1$ klama $x_2$ noi ke'a cnita $x_3$ ku'o $x_3$ boi $x_4$ boi $x_5$	lujvo		{cnita} {klama}; {gapkla}				cnita;klama
nitlijbu'i	$x_1$ me zoi xy _ xy	lujvo						cnita;linji;bu
nokselvai	$x_1$=$v_2$ se vajni leka ce'u nonka $x_2$=$n_2$ kei $x_3$=$v_3$	lujvo		zo {nonka} cu tolcatni gismu gi'e srana zo {nonseka} jenai zo {plise}		nokselvai		-nok-;se;vajni
noltruti'u	$x_1$ tixnu $x_2$ noi noltru $x_3$	lujvo				noltruti'u		nobli;turni;tixnu
nondei	$x_1$ no moi lo'i djedi noi pagbu $x_2$ noi jeftu li pa $x_3$	lujvo		.i frica zo {jedlno} noi srana lo si'o detri ku'o lo ka smuni .i srana zo {no} .e zo {moi} .e zo {djedi} .e zo {jeftu}				no;djedi
nonglecinse	.i $x_1$ cinse fi loka ce'u gledji noda	lujvo						no;gletu;cinse
nonjdi	$x_1$ jdice noda $x_2$	lujvo		{no} zei {jdice}; {aicu'i}		nonjdi		no;jdice
nonkansa	$x_1$ kansa no da $x_2$	lujvo		{no} {kansa}		nonkansa		no;kansa
nonki'i	$x_1$ ckini no da $x_2$	lujvo		{ckini}; {no}; {rolki'i}				no;ckini
nonmau	$x_1$ zmadu li no boi $x_2$ boi $x_3$	lujvo		{no} zei {zmadu}; {ma'u}		nonmau		no;zmadu
nonme'a	$x_1$ mleca li no boi $x_2$ boi $x_3$	lujvo		{no} zei {mleca}; {ni'u}		nonme'a		no;mleca
nonpamcinse	.i $x_1$ cinse fi loka ce'u prami noda	lujvo						no;prami;cinse
nonrefke'udu'e	.i lo ka nonrefke'udu'e cu ka lo nu ko'a goi $x_1$ krefu li no cu dukse lo ka ce'u krefu makau	lujvo		.i cizra valsi .i da'i skicu lo fasnu goi fo'a noi lo nu lo ka se li'i ke'a fasnu cu fanza lo cusku goi ko'a .i sa'e ca lo nu su'o roi lifri fa ko'a kei ko'a pacna lo nu fo'a no roi fasnu				no;krefu;krefu;dukse
nonseldi'a	$x_1$ se jdima li no boi $x_2$ boi $x_3$	lujvo		{no} zei {se} zei {jdima}				no;se;jdima
nonselji'u	$x_1$ se jvinu noda $x_2$	lujvo		{no} zei {se} {jvinu}; {selvisnalka'e} .i smudu'i zo {vincau}		nonselji'u		no;se;jvinu
nonselkansa	no da kansa $x_1$ boi $x_2$ noi se ckaji $x_1$	lujvo				nonselkansa		no;se;kansa
nonselkosmu	no da kosmu $x_1$ $x_2$	lujvo						no;se;kosmu
nonselra'u	$x1$ se raktu noda	lujvo						no;se;raktu
nonselsmu	$x_1$ se smuni no da $x_2$	lujvo		{no} {smuni}		nonselsmu		no;se;smuni
nonselsumji	$x_1$ selsumji li no $x_2$ .i $x_1$ nu'a va'a $x_2$	lujvo		{no} zei {selsumji}; {va'a}; {rolselsumji}		nonselsumji		no;se;sumji
nonseltai	$x_1$ se tarmi no da	lujvo				nonseltai		no;se;tarmi
nonsku	$x_1$ cusku no da $x_2$	lujvo						no;cusku
nonydza	li no kaidza $x_1$ .i va'i $x_1$ naku suzdza	lujvo		srana fa zo {kaidza} .e zo {roldza} .e zo {suzdza}				no;da
norbra	$x1$ no'e barda $x2$ $x3$	lujvo						no'e;barda
norkai	$x_1$ nutli lo ka ckaji $x_2$ bi'i lo dukti be $x_2$	lujvo		srana fa zo {no'e} jo'u zo {ckaji} ja zo {nutli} ja zo {dukti}				no'e;ckaji
norlunbe	$l_1$ no'e lunbe	lujvo						no'e;lunbe
normro	$m_1$ no'e morsi	lujvo						no'e;morsi
norpa'i	$x_1$ no'e prami $x_2$	lujvo		{no'e} {prami}; {iucu'i}		norpa'i		no'e;prami
norvaismu	$x_1$ smuni $x_2$ $x_3$ gi'e no'e vajni $x_4$	lujvo		{no'e} {vajni} {smuni}				no'e;vajni;smuni
norvudzvijonse	$x_1$ pilno lo se zviki lo ka jonse $x_2$ $x_3$ noi no'e vrude je no'e palci	lujvo						no'e;vrude;zviki;jonse
noryragve	$x_1$ no'e ragve $x_2$ boi $x_3$ .i $x_1$ boi $x_2$ zvati ja lamji ja jibni gi'e dunli le ni ce'u darno $x_3$	lujvo		{ragve}		noryragve		no'e;ragve
norzau	$x_1$ no'e zanru $x_2$	lujvo		{no'e} {zanru}; {i'ecu'i}		norzau		no'e;zanru
numtca	$x1$ nurma $x2$ gi'e tcadu $x2$ $x3$ $x4$	lujvo						nurma;tcadu
nuncfaproga	$p_1$ proga lo nu gasnu lo nu lo se proga be $p_2$=$c_1$ cu cfari	lujvo		.i tu'a lo pamoi proga cu se cumki lo nu lo zilkai po lo remoi proga cu binxo co se gasnu py py		nuncfaproga		nu;cfari;proga
nunctu	$x_1$ nu $x_2$ ctuca $x_3$ boi $x_4$ boi $x_5$ boi $x_6$	lujvo		{ctuca}		nunctu		nu;ctuca
nungei	$x_1$ nu $x_2$ gleki $x_3$	lujvo						nu;gleki
nunjmaji	$x_1$ nu $x_2$ jmaji $x_3$ boi $x_4$	lujvo		{nu} {jmaji}; {nunpe'i}				nu;jmaji
nunka'oku'i	$x_1$ nu $x_2$ kurji lo nu $x_3$ kanro	lujvo		{nu} {kanro} {kurji}		nunka'oku'i		nu;kanro;kurji
nunka'okujbriju	$x_1$ brijui $x_2$ noi ke'a fuzme lo nunka'oku'i	lujvo		{nunka'oku'i} {briju} {kanro} {kurji}		nunka'okujbriju		nu;kanro;kurji;briju
nunpe'i	$x_1$ nu $x_2$ penmi $x_3$ boi $x_4$	lujvo		{nu} {penmi}; {nunjmaji}				nu;penmi
nunpi'e	$x1$ nu $x2$ plipe $x3$ $x4$ $x5$	lujvo						nu;plipe
nunsipna	$x1$ nu $x2$ sipna	lujvo						nu;sipna
nunsorbi'a	$x_1$ nu lo so'i da ku noi se menre $x_2$ cu bilma $x_3$ $x_4$	lujvo						nu;so'i;bilma
nu'orfau	$x_1$ nu'o fasnu	lujvo						nu'o;fasnu
nurfu'i	$x_1$ fukpi $x_2$ $x_3$ $x_4$ te zu'e lo nu $x_2$ snura $x_5$ to ri so'e roi daspo gi'a nu cirko toi	lujvo		zbasu fi zo {snura} ce'o zo {fukpi}				snura;fukpi
mifnrotpaci	$x_1$ mifra $x_2$ la'o gy.ROT-13.gy.	fu'ivla		zo mifnrotpaci mitsmuvla zo {rotpaci}
mlauca	lo nu $x_1$ cu tavla $x_3$ cu se pagbu lo nu $x_1$ tavla fi $x_2$ .i $x_1$ cusku lo noi na bi'ai barda vau srana be $x_2$ fi $x_3$	fu'ivla		ko karbi zo {tavla} ja zo {casnu} ja zo {cusku} ja zo {smusku} ja zo {larseku}
mlebaliza'i	$x_1$ carmi lo ka jai macri'a .i nandu fa lo nu satci skicu lo te cniri'a be fi $x_1$ ki'u lo du'u $x_1$ melbi ja banli mutce	fu'ivla		simsa fa zo {amnadiia}
mlumitu	jetmlu $x_3$ fa lo du'u ro da zo'u go ge $x_1$ ckaji da gi lo du'u $x_1$ .e $x_2$ ckaji da na nibli lo du'u ga $x_1$ .e $x_2$ cabjvezva da gi $x_1$ du $x_2$ gi $x_2$ ckaji da	fu'ivla
mo'i bu'u	fi'o se muvdu	cmavo-compound		{muvdu}		mo'ibu'u	FAhA*
morjuti	$x_1$ mucti gi'e tutci (to ka'e morna mu'a toi) lo ka sidju fi lo ka morji $x_2$	fu'ivla
murmura	$x_1$ danlu gi'e se ralte bu'u lo zdani gi'e se prami gi'e ta'e cmoni lo simsa be zo mrmr gi'e jutsi $x_2$ ije so'iroiku $x_1$ mlatu $x_2$	fu'ivla		ca'esai lo nu pilno zo murmura cu se jalge lo nu lo smuni be ri cu zenba lo ka satci
mu'umgu	$x_1$ finti $x_2$ lo nu $x_3$ tcaci $x_4$	fu'ivla		lo'e se mu'umgu cu valsi .i lo'e mu'umgu cu krici lo du'u lo da'i nu lo se mu'umgu cu zasti cu zmadu lo da'i nu lo se mu'umgu cu na'e zasti kei lo ka lo noi lo mu'umgu cu djica ke'a ku'o nu lo te mu'umgu cu tcaci lo ve mu'umgu cu lakne ce'u .i zo mu'umgu cu se'o sezysarxe se mu'umgu la .telselkik. lo nu mu'umgu kei loi jbopre .i ra'oi -mug- rafsi ca'e zo mu'umgu
na'akti	$x_1$ na'e akti $x_2$	fu'ivla
na'itfa	$x_1$ na jetnu jonai jitfa	fu'ivla		zo {na'i} .e zo {jitfa} krasi gi'e srana .i zo {jetnu} .e zo {jo'atnu} srana
nalvaime	$x_1$ nalvaimenre $x_2$	fu'ivla		smudu'i zo {nalvaimenre}
namcfibonatci	ganai $x_2$ dubmau li pa, gi $x_1$ sumji le namcfibonatci be le vujnu be $x_2$ bei li pa le namcfibonatci be le vujnu be $x_2$ bei li re .ije ganai $x_2$ du li no gi $x_1$ du li no .ije ganai $x_2$ du li pa gi $x_1$ du li pa	fu'ivla
namcixu	lo ka $namcixu$ cu ka ko'a ko'e ko'i fo'a fo'e fo'i fo'o ce'ai ge vei mo'e fo'a lu'a ko'a vei mo'e fo'e lu'a ko'e me'au ko'i gi vei mo'e fo'i lu'a ko'e vei mo'e fo'o lu'a ko'a se me'au ko'i	fu'ivla				simxu
nanjmau	$x_1$ zmadu $x_2$ lo ka ce'u nancaji ma kau kei $x_3$	fu'ivla
nanjme'a	$x_1$ mleca $x_2$ lo ka ce'u nancaji ma kau kei $x_3$	fu'ivla
narfaubanzuni	$x_1$ banzuni lo nu $x_2$ narfau	fu'ivla		selsmudu'i zo {dukseni} gi'e se srana zo {banzuni} .e zo {dukse} .e zo {narfaubanzu}
ni'anfu	su'o pagbu be $x_1$ cu rinka su'o pagbu be $x_2$	fu'ivla
mi'oi	mi'o a ma'a .i va'i mi jo'u do jo'u cau'i lo drata be mi e do	experimental cmavo		noroi smudu'i zo {mi'a} .i srana fa zo {mi'o} e zo {ma'a} e zo {mi'ai}
ni'i nai	fi'o na'e {nibli}	cmavo-compound		.i srana zo {na'e} .e zo {nibli}			BAI*
nikyjoijimjoibordrokemdicysro	$s_1$ $s_3$ dicysro se ma'e loi nikyjinme joi jinme joibo cidro	lujvo		.e'u ko zgana tu'a zo {dicysro} .e zo {nikyjinme} .e zo {jinme} .e zo {cidro}				nikle;joi;jinme;joi;bo;cidro;ke;dikca;sorcu
nilguskli	$n_1$ ni guskli $k_1$ $n_2$	lujvo						ni;gusni;klina
nilzendu'i	$x_1$ dunli $x_2$ lo ka ma kau ni ce'u dubze'a	lujvo		srana fa zo {ni} .e zo {zenba} .e zo {jdika} .e zo {dunli} .e zo {panra} .e zo {jalge} .e zo {zendu}		nilzendu'i		ni;zenba;dunli
nimfamti	$x_1$ famti $x_2$ $x_3$ gi'e ninmu	lujvo		.i ko catlu zo {ninmu} .e zo {famti} .e zo {naurfamti}				ninmu;famti
nilmu'o zei uidje	$u_1$ nilmu'o $n_1$ $m_1$ gi'e uidje $u_2$	zei-lujvo
nildumu	$x_1$ ni bu'a	fu'ivla		nitcu lo ka se cikre .i ca'o casnu
ni'utni	$x_1$  pi'ai ki'ogra mitre snidu te'ai ni'ure boi $x_2$	fu'ivla		{jikfi} {klani} be fi lo {sornairauci'e}
nonseka	$x_1$ se kansa no da gi'e ckaji vau $x_2$	fu'ivla		zo nonseka {zi'evla} gi'e se krasi zo {nonselkansa}		nonseka
nundumu	$x_1$ nu $x_2$ fatci .i va'i $x_1$ nu me'au $x_2$	fu'ivla		srana fa zo {nu}
nunrkamikaze	$x_1$ cu nu ce'u guntrkamikaze $x_2$ $x_3$ $x_4$	fu'ivla
nunrlanparti	$x_1$ nu $x_2$ jmaji $x_3$ $x_4$ tezu'e lo nu vo'a jvikei simxu sepi'o lo samyzilkei	fu'ivla		.e'u ko tcidu tu'a zo {jajrlanparti}
o'anmo	$x_1$ .o'a zei cinmo $x_2$ .i $x_1$ cinmo lo ka ce'u jgira kei $x_2$	fu'ivla		{a'anmo}; {a'enmo}; {a'inmo}; {a'onmo}; {a'unmo}; {ainmo}; {aunmo}; {i'anmo}; {i'enmo}; {i'inmo}; {i'onmo}; {i'unmo}; {ianmo}; {ienmo}; {iinmo}; {ionmo}; {iunmo}; {o'enmo}; {o'inmo}; {o'onmo}; {o'unmo}; {oinmo}; {u'anmo}; {u'enmo}; {u'inmo}; {u'onmo}; {u'unmo}; {uanmo}; {uenmo}; {uinmo}; {uonmo}; {uunmo}		o'anmo
obro	$x_1$ cu ro moi loi valsi poi $x_2$ jmina ke'a $x_3$ bau $x_4$	fu'ivla		.i zo obro obro
moi'i	sei morji	experimental cmavo		.i {morji} .i {vei'i} .i {ba'a}nai
no'ai	li no'ai du li rone'e no .i zo no'ai sinxa lo du'u no nonme'a va'o se smuni	experimental cmavo		srana fa lu {rone'e} li'u jo'u zo {no} jo'u zo {no'e'u}			PA4
no'au	zo no'au tolfa'o lo ra'abri be lo bridi poi vo'a pagbu .i sko'opu fa lo me zo xoi moi .i je smuni fa lo me zo noi moi	experimental cmavo		ko catlu ke ji'a zo {xoi} je zo {noi} .i lu ko .{iklki} no'au jalge fa lo nu {kibycpa} li'u cu sa'e nai smudu'i lu do se {koinde} fi lo ka .iklki noi lo nu do ckaji ke'a cu se jalge lo nu kibycpa li'u			XOI
nu'oi	jorne lo li'erla'i valsi .i je smuni la'e zo nu'o	experimental cmavo		.i va'o lo nu da'i zo nu'o cmavo ma'oi NA gi'e se smuni lo du'u su'o da poi cumki munje ku'o su'o de poi cumki munje zo'u ge lo bridi cu jetnu da gi ge lo bridi cu jitfa de gi lo cusku be vo'a cu cmima de kei kei lu JA nu'oi li'u .e lo'u GA nu'oi le'u galfi lo smuni be lo se kuspe be vo'a la'e lu nu'o ku lo se kuspe li'u .i srana lo'u {na}-{nai}, {ka'e}-{lau'i}, {nu'o}-{nu'oi}, {pu'i}-{pu'ei}, {ca'a}-{ca'ai}, {ja'a}-{ja'ai} le'u .e lo modal zei logji pe la kripkes i mupli fa lu ta se vinji tu noi farlu (ku'o) .i je nu'oi ta mrobi'o li'u noi smudu'i lu ta se vinji tu noi farlu (ku'o) .i je nu'o ku ta mrobi'o li'u			NAI
o'a cu'i	tcita le se cusku le du'u la'e ri se cumla le cusku	cmavo-compound		{o'a} {cu'i}; {cumla}		o'acu'i	UI*
o'a nai	tcita le se cusku le du'u la'e ri se ckeji le cusku	cmavo-compound		{o'a} {nai}; {ckeji}		o'anai	UI*
o bu	pavomoi lerfu le lojbo	bu-letteral		{lerfu}		O;obu	BY*
odbenu	$x_1$ barda ke xamsi mabru $x_2$ noi jutsi la'e ly odobenidae ly .i $x_1$ ta'e xabju lei berti xamsi .i $x_1$ se skapi lo'e jdari je tilju gi'e se denci lo remei poi clani gi'e barku'e le moklu	fu'ivla		{mabru}, {pinpedi}		odbenu
o'e nai	tcita le se cusku le du'u la'e ri cnida'o le cusku	cmavo-compound		{o'e} {nai}; {cnida'o}		o'enai	UI*
pacna	$x_1$ djica $x_2$ gi'e sruma ja jinvi lo du'u lo nu $x_2$ ba fasnu cu cumki gi'e la'erlai $x_3$	gismu	pa'a;pacn;pacna	srana fa zo {kanpe} .e zo {djica} .e zo {sruma} .e zo {lakne}		pacna
pagbu	$x_1$ menre lo se gunma be $x_2$	gismu	pag;pau;pagb;pagbu	{menre}; {gunma}; {spisa}; {panlo}; {xadba}; {mulno}	pa'u
o'i	tcita le se cusku le du'u la'e ri te kajde fi le cusku	cmavo		{kajde}		o'i	UI1
oi	tcita le se cusku le du'u la'e ri se pante le cusku	cmavo		{pante}		oi	UI1
o'o	tcita le se cusku le du'u la'e ri se panpi le cusku	cmavo		{panpi}		o'o	UI1
o'u	tcita le se cusku le du'u la'e ri se surla le cusku	cmavo		{surla}		o'u	UI1
pa	namcu i kantu lo'e ve kancu	cmavo	pav			1;pa	PA
pa'a	fi'o {panra}	cmavo		{panra}		pa'a	BAI
pa'e	tcita le se cusku le du'u la'e ri se pairnu'i	cmavo		{pairnu'i}		pa'e	UI3
o'enmo	$x_1$ .o'e zei cinmo $x_2$ .i $x_1$ cinmo lo ka ce'u jibni $x_2$ .i $x_1$ cnikansa	fu'ivla		{a'anmo}; {a'enmo}; {a'inmo}; {a'onmo}; {a'unmo}; {ainmo}; {aunmo}; {i'anmo}; {i'enmo}; {i'inmo}; {i'onmo}; {i'unmo}; {ianmo}; {ienmo}; {iinmo}; {ionmo}; {iunmo}; {o'anmo}; {o'inmo}; {o'onmo}; {o'unmo}; {oinmo}; {u'anmo}; {u'enmo}; {u'inmo}; {u'onmo}; {u'unmo}; {uanmo}; {uenmo}; {uinmo}; {uonmo}; {uunmo}		o'enmo
oicli'a	$x_1$ cliva $x_2$ $x_3$ mu'i lo nu $x_1$ fengu	fu'ivla
oi nai	tcita le se cusku le du'u la'e ri pluka ja se kufra le cusku	cmavo-compound		{oi} {nai}; {pluka}, {kufra}		oinai	UI*
pacmi'a	$c_1$ cmila sekai le ka palci	lujvo						palci;cmila
pacpanra	$x_1$ panra $x_2$ lo ka ce'u palci $x_3$ kei fa'u $x_4$	lujvo						palci;panra
pacyzvi	$x_1$ zviki $x_2$ noi palci ku'o $x_3$	lujvo						palci;zviki
pacyzvijonse	$x_1$ pilno lo se zviki lo ka jonse $x_2$ $x_3$ noi palci	lujvo						palci;zviki;jonse
pafmamta	$x_1$ mamta lo patfu be $x_2$	lujvo						patfu;mamta
pafpa'u	$x_1$ patfu lo patfu be $x_2$	lujvo						patfu;patfu
pagbirti	$x_1$ birti lo du'u $x_2$ pagbu $x_3$	lujvo		srana fa zo {menryjinvi}				pagbu;birti
pagdu'a	$x_1$ dunda su'o pagbu be $x_2$ fi $x_3$	lujvo		srana fa zo {fatri} .e zo {pagbu} .e zo {dunda} .e zo {gubni} .e zo {jungau} .e zo {curmi} .e zo {e'ande}		pagdu'a		pagbu;dunda
pagzu'e	$x_1$ zukte lo ka ce'u pagbu $x_2$	lujvo		so'i se pagzu'e cu nundumu .i srana fa zo {pagbu} .e zo {zukte} .e zo {kansa} .e zo {sidju}		pagzu'e		pagbu;zukte
pairnu'i	$x_1$ nutli le nu $x_1$ pajni $x_2$	lujvo		{pajni} {nutli}; {pa'e}		pairnu'i		pajni;nutli
pakydadysri	$x_1$ dasri $x_2$ gi'e se pilno fi lo nu lo palku cu dandu lo dasni lo janco be lo birka	lujvo		{palku} {dandu} {dasri}		pakydadysri		palku;dandu;dasri
palcau	$x_1$ claxu lo ka su'o da prali $x_2$ ce'u	lujvo		srana fa zo {prali} .e zo {claxu} .e zo {xamgu} .e zo {xlali} .e zo {plixau} .e zo {sidju}		palcau		prali;claxu
palpymlu	$x_1$ simlu $x_2$ $x_3$ lo nu $x_3$ palpi $x_1$	lujvo						palpi;simlu
pamjai	$x_1$ jarco fi $x_2$ fe lo ka ce'u vo'i prami kei se zu'e lo ka ce'u vo'i jgari $x_3$ fo $x_4$	lujvo						prami;jgari
pampe'o	$x_1$ boi $x_2$ prami gi'e pendo	lujvo				pampe'o		prami;pendo
pamsi'u	$x_1$ simxu lo ka ce'u ce'u prami	lujvo		{prami} {simxu}		pamsi'u		prami;simxu
pancau	$x_1$ claxu lo ka da panci ce'u $x_2$	lujvo		{panci}; {claxu}				panci;claxu
panzga	$x_1$ zukte da lo nu $x_1$ djuno lo du'u ma kau panci $x_2$ fi $x_1$	lujvo		srana fa zo {panci} .e zo {sumne}				panci;zgana
pavdei	$x_1$ pa moi lo'i djedi noi pagbu $x_2$ noi jeftu li pa $x_3$	lujvo		.i frica zo {jednpa} noi srana lo si'o detri ku'o lo ka smuni .i srana zo {pa} .e zo {moi} .e zo {djedi} .e zo {jeftu}				pa;djedi
pavdilcu	$x_1$ dilcu li pa boi $x_2$ .i $x_1$ nu'a fa'i $x_2$	lujvo		{pa} zei {dilcu}; {fa'i}		pavdilcu		pa;dilcu
pavdzakai	$x1$ po'o ckaji $x2$	lujvo				po'o		pa;da;ckaji
pavmei	ro'oi da poi ke'a me $x_1$ zo'u $x_1$ me da	lujvo		srana fa zo {pa} .e zo {mei} .e zo {ro'oi}		pavmei		pa;mei
pavmeidza	$x_1$ suzmeidza lo ka  ce'u ckaji $x_2$ gi'e pavmei	lujvo		srana valsi fa zo {suzmeidza}				pa;mei;da
pavmoibe'a	$x_1$ pa moi lo bersa be $x_2$	lujvo		{pa} {moi} {bersa}		pavmoibe'a		pa;moi;bersa
pavmoiti'u	$x_1$ pa moi lo tixnu be $x_2$	lujvo		{pa} {moi} {tixnu}		pavmoiti'u		pa;moi;tixnu
pavnondugri	$d_1$ dugri $d_2$ li pano	lujvo						pa;no;dugri
pavyseljirna	$x_1$ se ranmi danlu gi'e simsa lo'e xirma gi'e se jirna pada ra'i le mebri be vo'a	lujvo		{pa} {se} {jirna}		pavyseljirna		pa;se;jirna
pavyselsle	$x_1$ se selci pa da	lujvo		{pa}; {selci}; {mledi}				pa;se;selci
pavyxilma'e	$x_1$ marce $x_2$ $x_3$ $x_4$ .ije $x_1$ se xislu pa da poi gunro $x_3$	lujvo		.i .e'u lanli zo {marce} .e zo {xislu} .e zo {gunro} .e zo {re} .i cmamau je zi'evla fa zo {palxima}				pa;xislu;marce
pavzilcatra	zi'o $x_1$ catra $x_2$ .i $x_2$ rinka le nu $x_1$ mrobi'o	lujvo		{catra}; {mrobi'o}		pavzilcatra		pa;zi'o;catra
pavzildau	zi'o $x_1$ darlu $x_2$	lujvo		zo {zildau} .a zo {zilpavdau} cu xagmau		pavzildau		pa;zi'o;darlu
pazycfu	$r_1$ ricfu lo ka panzi ce'u	lujvo						panzi;ricfu
pazypanzi	$x_1$ panzi lo panzi be $x_2$	lujvo		zo pazypanzi mitsmuvla lo'u se {riryrirni} le'u				panzi;panzi
pecpu'a	lo nu pencu $x_1$ cu pluka $x_2$	lujvo						pencu;pluka
pedysi'u	.i lo ka pedysi'u cu ka ce'u goi $x_1$ simxu lo ka ce'u pendo ce'u	lujvo		.i e'o ko catlu tu'a zo {pendo} .e zo {simxu} .e zo {ka} ji'aju'ocu'i				pendo;simxu
pegjva	$x_1$ javni gi'e ci'ekle la .peg. ku noi tadji lo ka zbasu lo formale gerna .i ge ro da ro de ro di ga nai me'au $x_1$ gi porfedi, gi ro da go su'o da su'o de gi ge pa da su'o de gi fi pa da fe su'o de me'au $x_1$	lujvo		lo sumti be $x_1$ bei li pa na'o {uenzi} gi'e se pruce lo {gentufa} .i lo sumti be fi li re na'o ba'ei *te* pruce lo gentufa .i lo me li ci moi na'o poi'i lo gentufa ca lo nu mo'u cupra lo me li re moi cu vimcu fi lo me li pa moi fo ke'a ni'o zo {pegyuenzi} .i zo {peglfi} .i zo {pegrsto} .i zo {pegrpoi} .i zo {pegnpe} .i zo {pegnaka} .i zo {pegrcu'a} .i zo {pegrke'u} .i zo {pegrsu'o} .i zo {pegrsu'e}				-peg-;javni
pegyuenzi	$x_1$ uenzi gi'e poi'i lo nu gentufa ke'a $x_3$ noi pegjva cu pruce fi $x_2$ .i $x_1$ fe $x_2$ me'au $x_3$ lo kutpoi	lujvo		zo {gentufa} .i zo {pegjva}				pegyuenzi
peisku	$x_1$ cusku pensi $x_2$	lujvo		srana lo tavla nu pensi .i zbasu fi zo {pensi} ce'o zo {cusku}				pensi;cusku
pelnimryjisra	$j_1$ jisra $j_2$=$n_1$ po'u loi pelnimre	lujvo						pelxu;nimre;jisra
pemcku	$c_1$ cukta $c_2$=$p_1$ po'u lo pemci ge'u $c_3$ $c_4$ $c_5$	lujvo						pemci;cukta
pensi'u	$x_1$ simxu lo ka ce'u ce'u penmi $x_2$	lujvo		.e'u ko tcidu tu'a zo {penmi} .e zo {simxu}				penmi;simxu
pevzifrokpre	$x_1$ me'oi .Freemason. je cu se bende $x_2$ poi ke'a me'oi .lodge. je cu se me'oi .endorse. $x_3$ poi ke'a xi re mu'oi glibau. grand lodge .glibau	lujvo				Freemason		pe'a;zifre;rokci;prenu
pibykre	$x_1$ kerfa $x_2$ lo plibu	lujvo						plibu;kerfa
pifta'e	$x_1$ tanxe $x_2$ noi pinfu $x_3$ $x1$ ku'o $x_4$	lujvo						pinfu;tanxe
pifydi'u	$d_1$=$p_3$ cu dinju lo ka te pinfu $p_2$ $p_1$	lujvo				pifydi'u		pinfu;dinju
pi'izma	$x_1$ zmadu $x_2$ boi $x_3$ da .ije lo ni $x_1$ ckaji $x_3$ cu pilji lo ni $x_2$ ckaji $x_3$ kei $x_4$	lujvo		.i .u'u milxe co naljvajvo				pilji;zmadu
piltisna	$x_1$ pilka je tisna $x_2$	lujvo						pilka;tisna
piltu'u	$x_1$ tubnu lo pilka $x_2$	lujvo				piltu'u		pilka;tubnu
pilvi'u	.i lo si'o pilvi'u cu si'o ce'u goi $x_1$ vimcu lo pilka be ce'u goi $x_2$ boi $x_2$ ce'u goi $x_3$	lujvo		.i .e'u do catlu zo'e pe zo {pilka} .e zo {vimcu}				pilka;vimcu
pinblaci	$b_1$=$p_1$ blaci $b_2$ gi'e pinta	lujvo						pinta;blaci
pinblo	$x_1$ pinta gi'e bloti $x_2$ boi $x_3$	lujvo				pinblo		pinta;bloti
pincardikygau	$x_1$ gasnu lonu $x_2$ dikni lozu'o $x_2$ carna lo pinta kei $x_3$	lujvo						pinta;carna;dikni;gasnu
pincyre'o	$x_1$ renro lo pinca be $x_1$ be'o $x_2$	lujvo						pinca;renro
pincytu'u	$x_1$ rango $x_2$ gi'e tubnu gi'e pluta lo pincyvro lo pinca daski	lujvo				pincytu'u		pinca;tubnu
pinjudri	$x_1$ judri $x_2$ gi'e se klani lo pinta tersei be $x_2$ bei lo sraji manri	lujvo		{judri}; {klani}; {pinta}; {tersei}; {sraji}; {manri}; {rajyjudri}				pinta;judri
pinjykei	$k_1$ kelci $k_2$ po'u lo pinjyzilkei	lujvo		.e'u ko tcidu tu'a zo {pinjyzilkei}				pinji;kelci
pinjykinli	.i $x_1$ cu kinli je pagbu $x_2$ poi pinji $x_3$	lujvo		.i so'i mabru ci te pinjykinli  .i lo mlatu cu mupli le ka te pinjykinli  .i ku'i naku ro da poi mabru zo'u da te pinjykinli				pinji;kinli
pinjyzilkei	$k_2$ zilkei tai lo'e pinji	lujvo		.e'u ko tcidu tu'a zo {zilkei} .e zo {pinji}				pinji;zi'o;kelci
pinxydja	$x_1$ djacu gi'e poi'i lo nu pinxe ke'a na ckape	lujvo		srana fa zo {djacu} .e zo {pinxe} .e zo {ckape} .e zo {snura} .e zo {curve} .e zo {jinsa}		pinxydja		pinxe;cidja
pipmu'u	$x1$ muvdu $x2$ $x3$ $x4$ gi'e plipe $x2$ $x3$ $x5$	lujvo						plipe;muvdu
pipybanfi	$ko'a$ plipe gi'e banfi $ko'e$ gi'enai se rebla	lujvo		{plipe} {banfi}				plipe;banfi
pipygau	$x_1$ gasnu lonu $x_2$ plipe $x_3$ $x_1$ $x_4$ $x_1$	lujvo						plipe;gasnu
pitmli	$x_1$ milxe lo ka ce'u plita	lujvo		{plita}; {milxe}				plita;milxe
placazgau	$x_1$ gasnu $x_2$ noi pu se platu	lujvo						platu;ca'a;gasnu
plebo'o	$b_1$ boxfo loi pelji	lujvo		.e'u ko tcidu tu'a zo {plekarda}				pelji;boxfo
pledakli	$d_1$=$p_1$ dakli $d_2$ loi pleji	lujvo						pelji;dakli
plekarda	$k_1$ karda loi pelji $k_3$	lujvo		.e'u ko tcidu tu'a zo {plebo'o}				pelji;karda
pleke'atci	$t_1$ tutci lo'e nu ke'a gasnu lo nu kevna lo'e pelji	lujvo						pelji;kevna;tutci
plika'e	$x_1$ kakne lo nu $x_1$ pilno $x_2$ $x_3$ kei $x_4$	lujvo		krasi fi la ma'oste		plika'e		pilno;kakne
plinyske	$x_1$=$s_1$ saske lo si'o plini ku $x_2$=$s_3$	lujvo						plini;saske
plisyjisra	$j_1$ jisra $j_2$=$p_1$ po'u loi plise	lujvo						plise;jisra
plisytsi	$p_1$=$t_1$ tsiju lo plise	lujvo						plise;tsiju
plixau	$x_1$ xamgu $x_2$ lo ka vo'e vo'a ka'e pilno $x_3$	lujvo						pilno;xamgu
plixauvla	$v_1$ valsi $v_2$=$x_1$=$p_2$ noi ke'a $x_2$=$p_1$ plixau $p_3$ ku'o $v_3$	lujvo						pilno;xamgu;valsi
plopijnytci	$t_1$ tutci lo'e nu plopijne	lujvo		.e'u ko tcidu tu'a zo {plopijne} .e zo {tutci}				polje;pijne;tutci
po'afli	$f_1$ fliba lo nu ce'u spoja	lujvo		.e'u ko tcitu tu'a zo {spoja} .e zo {fliba}				spoja;fliba
pojbre	$b_1$ bredi lo mu'e vo'a spoja	lujvo						spoja;bredi
pojbregau	$g_1$ gasnu lo nu $b_1$ bredi lo mu'e vo'a spoja	lujvo						spoja;bredi;gasnu
pojbrezu'e	$g_1$ zukte lo nu $b_1$ bredi lo mu'e vo'a spoja kei kei $z_3$	lujvo						spoja;bredi;zukte
pojgu'i	$x_1$ gusni $x_2$ $x_3$ gi'e spoja	lujvo						spoja;gusni
porfa'o	$x_1$ poiklo fi $x_2$ fe lo se pormei be $x_2$ be'o su'i li pa vu'u lo se pormei be $x_1$ be'o no'u $x_3$	lujvo		zo {porsi} .i zo {fanmo} .i zo {pormoi} .i zo {moi}				porsi;fanmo
porganzu	$x_1$ gasnu lo nu $x_3$ nicpoi $x_4$ lu'a $x_2$	lujvo						porsi;ganzu
pormei	$x_2$ kaidza lo ka ce'u selci $x_1$ noi porsi zi'o zi'o	lujvo		srana fa zo {porsi} .e zo {cmimei}				porsi;mei
pormoi	vasru $x_1$ fa lo selci be $x_3$ noi pormei da ku poi se tcita $x_2$ noi namcu	lujvo		srana fa zo {porsi} .e zo {pormoi} .e zo {momkai}				porsi;moi
pornarselvai	$x_1$ poi'i lo du'u ma kau te porsi lo sumti be ke'a na vajni	lujvo		va'i lo nu basygau fi lo bi'u nai te porsi na stika lo nu pilno $x_1$ kei lo ka ma kau smuni .i ko catlu ke si'a zo {porsi} je zo {sumti}				porsi;na;se;vajni
porselvai	$x_1$ poi'i lo du'u ma kau te porsi lo sumti be ke'a cu vajni	lujvo		va'i lo nu basygau fi lo bi'u nai te porsi ja'a stika lo nu pilno $x_1$ kei lo ka ma kau smuni .i ko catlu ke si'a zo {porsi} je zo {sumti} je zo {pornarselvai}				porsi;se;vajni
porsumji	ge go $x_2$ dubdu'i li pa gi $x_1$ dubdu'i lo pormoi be li pa bei $x_2$ gi go $x_2$ pormei lo dubmau be li pa gi $x_1$ porsumji lo poi'i ge ke'a pormei lo se sumji be li pa bei lo se pormei be $x_2$ gi ge ro poiklo be li re bei ke'a cu poiklo li ci $x_2$ gi lo pormoi be li pa bei ke'a cu sumji lo pormoi be li pa bei $x_2$ lo pormoi be li re bei $x_2$	lujvo		srana fa zo {sumji}				porsi;sumji
posycerda	$c_1$ cerda lo ka ponse be $p_1$=$c_2$ ku $c_3$ $c_4$	lujvo						ponse;cerda
predatni	$d_1$ datni $d_2$=$p_1$ po'u lo prenu ge'u $d_3$	lujvo		.e'u ko tcidu tu'a zo {datni} .e zo {prenu}				prenu;datni
prejumydundy'utka	$x_1 \, x_2 \, x_3 \, x_4 \, x_5$ prejumydu'a'y'utka	lujvo				prejumydu'a'y'utka		prejumydundy'utka
preselkei	$x_1$ se kelci $x_2$ gi'e prenu	lujvo						prenu;se;kelci
prevrici	$x_1$ vrici $x_2$ gi'e prenu	lujvo		{prenu} {vrici}		prevrici		prenu;vrici
prexra	$x_1$ pixra $x_2$ noi ke'a prenu ku'o $x_3$	lujvo		{prenu} {pixra}; {vi'a} {prexra}, {vi'u} {prexra}				prenu;pixra
pritybirka	$b_1$=$p_1$ $b_2$=$p_2$ birka gi'e pritu	lujvo		.e'o ko tcidu tu'a zo {zulbirka}				pritu;birka
prosi'u	$x_1$ simxu lo ka ce'u ce'u fapro $x_2$	lujvo		.e'u ko tcidu tu'a zo {fapro} .e zo {simxu}				fapro;simxu
prubi'o	$x_1$ binxo lo ka pu je nai ca fasnu	lujvo				prubi'o		purci;binxo
prugastcica	$x_1$ tcica $x_2$ lo nu $x_2$ ganse lo ka da'i ce'u pu lifri $x_1$ kei $x_3$ boi $x_4$	lujvo		{pu} {ganse} {tcica}; {gastcica}, {narprugastcica}				purci;ganse;tcica
prujbi	$x_1$ purci je cabjbi $x_2$	lujvo		srana fa zo {pu} .e zo {zi} .e zo {purci} .e zo {cabjbi} .e zo {cabda'o} .e zo {purda'o}		prujbi		purci;jibni
prulamdei	$x_1$ djefau gi'e se fanmo lo nu lo cabdei cu cfari	lujvo		srana fa zo {djefau} .e zo {cabdei} .e zo {bavlamdei} .i selsmudu'i zo {purlamdei}				purci;lamji;djedi
prusmi	.i $x_1$ ba'o ckaji $x_3$ .ibabo $x_2$ co'u ckaji $x_3$	lujvo						purci;simsa
pukclite	$x1$ clite lonu $x1$ pluka $x2$ $x3$ kei $x4$	lujvo						pluka;clite
pukfri	$x1$ lifri $x2$ noi pluka $x1$	lujvo						pluka;lifri
pukmle	$x1$ melbi $x2$ loka $x1$ pluka $x2$ $x3$ kei $x4$	lujvo						pluka;melbi
puktce	$x_1$ mutce loka $x_1$ pluka $x_2$ $x_3$	lujvo						pluka;mutce
pukydja	$x_1$ cidja $x_2$ gi'e pluka $x_2$ $x_3$	lujvo						pluka;cidja
purlamdei	$x_1$ djedi li pa boi $x_3$ gi'e purci $x_2$ gi'e lamji $x_2$	lujvo		{purci} {lamji} {djedi}, {prulamdei}				purci;lamji;djedi
purlamke'u	$x_1$ krefu gi'e lamji gi'e purci vau $x_2$	lujvo		{purci} {lamji} {krefu}, {bavlamke'u}, {purlamdei}				purci;lamji;krefu
pusfau	$x_1$ pu'i fasnu	lujvo						pu'i;fasnu
ra'abri	$x_1$ srana $x_2$ noi sumti ku'o gi'e bridi $x_3$ boi $x_4$ .i $x_1$ pinka ja jimte ja velski $x_2$	lujvo		{srana} {bridi}; {noi}, {poi}, {voi}		ra'abri		srana;bridi
racyju'i	$x1$ jundi $x2$ noi ralci	lujvo						ralci;jundi
radycru	$x_1$ randa lo fanta be $x_2$ .ije $x_1$ curmi lo nu $x_2$ jitfa	lujvo		{randa} {curmi} .i srana zo {fesli'a} .e zo {tolcpa}				randa;curmi
rairnei	traji lo ka $x_1$ nelci ce'u kei fa $x_2$ fi $x_3$	lujvo		.i smudu'i zo {trajynei}				traji;nelci
ra'irsumji	$x_1$ snisimsumji $x_2$ boi $x_3$ noi ranji $x_4$ ku'o $x_4$ .i $x_1$ nu'a ri'o $x_2$ boi $x_3$ boi $x_4$	lujvo		{ranji} {sumji}; {snisimsumji}; {ri'o}		ra'irsumji		ranji;sumji
rajbi'o	$x1$ binxo lo sraji be $x2$	lujvo						sraji;binxo
rajyjudri	$x_1$ judri $x_2$ gi'e se klani lo sraji tersei be $x_2$ bei lo pinta manri	lujvo		{judri}; {klani}; {sraji}; {tersei}; {pinta}; {manri}; {pinjudri}				sraji;judri
rajyserti	$x_1$ cu sraji serti $x_2$ $x_3$ gi'e sraji $x_4$	lujvo		zbasu fi zo {sraji} ce'o zo {serti}				sraji;serti
rapcreze'a	$x_1$ zenba lo ka ke'a certu $x_2$ kei $x_3$ se zu'e lo nu $x_4$ rapli $x_5$	lujvo		zbasu fi zo {rapli} ce'o zo {certu} ce'o zo {zenba}				rapli;certu;zenba
rapmarxa	lo nu $x_1$ marxa $x_2$ $x_3$ cu rapli $x_4$	lujvo		{rapli}; {marxa}				rapli;marxa
rarbancu	$x_1$ bancu lo rarna lo rarna $x_2$	lujvo		{rarna}; {bancu}; {makfa}; {ranmi}; {crida}; {cevni}; {lijda}				rarna;bancu
rarbau	$x_1$ bangu $x_2$ fi $x_3$ gi'e rarna	lujvo		srana fa zo {bangu} .e zo {runbau}				rarna;bangu
rarmu'e	$x_1$ munje lo ro dacti poi ke'a jmive gi'a poi'i lo nu ke'a zasti cu rarna	lujvo		srana fa zo {munje} .e zo {danlu} .e zo {spati} .e zo {xamsi} .e zo {tumla} .e zo {cmana} .e zo {jmive} .e zo {rarna}		rarmu'e		rarna;munje
rebdesygau	$x_1$ jai gau desku fai lo rebla be $x_1$	lujvo						rebla;desku;gasnu
recpiltu'u	$x_1$ cidja gi'e piltu'u lo rectu be $x_2$	lujvo				recpiltu'u		rectu;pilka;tubnu
refcfa	da krefu lo nu $x_1$ cfari kei $x_2$	lujvo		{krefu} {cfari}		refcfa		krefu;cfari
refcfari'a	$x_1$ rinka lo krefu be lo nu $x_2$ cfari bei $x_3$	lujvo		{refcfa}		refcfari'a		krefu;cfari;rinka
refmlufi'u	$x_1$ simlu fi $x_2$ fe lo ka krefu fi li za'u fe su'o pu se lifri be $x_2$ .i $x_2$ na birti lo du'u xu kau $x_1$ ja'a ckaji ka bu	lujvo		zo {krefu} jo'u zo {simlu} jo'u zo {cfipu}				krefu;simlu;cfipu
relcinpa'i	$x_1$ cinse prami lo fetsi jo'u lo nakni	lujvo		{re} {cinse} {prami}				re;cinse;prami
relcuktai	$x_1$ cu re mei gi'e cuktai fi'o midju lo pa zo'e	lujvo		{re}, {cukla}, {tarmi}; {cuktai}				re;cukla;tarmi
reldei	$x_1$ re moi lo'i djedi noi pagbu $x_2$ noi jeftu li pa $x_3$	lujvo		.i frica zo {jednre} noi srana lo si'o detri ku'o lo ka smuni .i srana zo {re} .e zo {moi} .e zo {djedi} .e zo {jeftu}				re;djedi
reldilcymu'o	$x_1$ dilcymu'o li re	lujvo		.e'u tcidu tu'a zo {nalreldilcymu'o}				re;dilcu;mulno
reldugri	$d_1$ dugri $d_2$ li re	lujvo						re;dugri
relnacmei	$x_1$ nacmei li re boi $x_2$ boi $x_3$	lujvo		{re} zei {nacmei}		relnacmei		re;namcu;mei
relpi'i	$p_1$ pilji $p_2$ li re	lujvo						re;pilji
relxilma'e	$x_1$ marce $x_2$ $x_3$ $x_4$ .ije $x_1$ se xislu re da noi gunro $x_3$	lujvo		{re} {xislu} {marce}				re;xislu;marce
remcalxra	$p_1$ boi pixra lo si'o remna kei  $p_3$ boi $p_4$=$c_2$ noi se canlu	lujvo						remna;canlu;pixra
remcatra	$x_1$ .e $x_2$ remna .ije $x_1$ catra $x_2$ boi $x_3$	lujvo		{remna} {catra}; {remselcatra}				remna;catra
remkemsi'exra	$p_1$=$s_1$ pixra $p_2$ po'u lo remna ge'u $p_3$ loi snime	lujvo						remna;ke;snime;pixra
remselcatra	$x_1$ .e $x_2$ remna .ije $x_1$ se catra $x_2$ boi $x_3$	lujvo		{remna} {se} {catra}; {remcatra}				remna;se;catra
remsmi	$x_1$ simsa lo'e remna $x_2$	lujvo				remsmi		remna;simsa
remsmimi'i	$x_1$ cu minji $x_2$ xadni simsa lo remna	lujvo		ji'a zgana zo {crida} .i zbasu fi zo {remna} ce'o zo {simsa} ce'o zo {minji}				remna;simsa;minji
remtai	$x_1$ tarmi le'e remna	lujvo		.e'u ko tcidu tu'a zo {ckemono}				remna;tarmi
rentro	$x_1$ jitro $x_2$ $x_3$ po'u tu'a lo trene be $x_4$ bei $x_5$	lujvo						trene;jitro
resycei	$x_1$ cevni $x_2$ boi $x_3$ gi'e simsa lo respa	lujvo		{respa} {cevni} {resycrida}		resycei		respa;cevni
resycrida	$x_1$ crida $x_2$ gi'e simsa lo respa	lujvo		{respa} {crida} {resycei}		resycrida		respa;crida
retpei	$x_1$ pensi lo preti be $x_2$ bei $x_1$ bei $x_1$	lujvo						preti;pensi
retsku	$x_1$ cusku $x_2$ noi preti $x_3$ boi $x_1$ boi $x_4$ ku'o $x_4$ boi $x_5$	lujvo		ko catlu fe ji'a zo {cusku} je zo {spusku} je zo {spuda} je zo {preti}		cusku lo preti;retsku		preti;cusku
re'ucti	$x_1$ se cidja lo rectu .e su'e so'u drata	lujvo						rectu;citka
ricystani	$s_1$ stani $s_2$=$t_1$ po'u lo tricu	lujvo						tricu;stani
ricyvelvi'u	$x1$ ve vimcu fi $x2$ noi tricu	lujvo						tricu;ve;vimcu
refkusi	ifle fa lo du'u $x_3$ li pa dubmau kei, lo du'u $x_1$ me'au $x_4$ lo refkusi be $x_2$ bei li mo'e $x_3$ vu'u pa bei $x_4$ kei, lo du'u $x_1$ boi $x_2$ me'au $x_4$ /ni'o sa'u mu'a: go ko'a broda lo broda be lo broda be ko'e, gi ko'a ko'e refkusi li ci lo ka ce'u ce'u broda	fu'ivla		lo tanru poi ka'e fadni se pilno zo'u mu'a: lo bavlamdei refkusi be fi li ci, cu du lo bavlamdei be lo bavlamdei be lo bavlamdei .i e'u ko karbi fi zo {krefu} jo'u zo {rapli} jo'u zo {refkusi} zo'o
remnkimi	$x_1$ sekai $x_2$ srana lo misro bangu poi se ciska fi'o lerfu lo xelso joi so'u drata ku'o gi'a se lijda lo misro xriso poi pilno lo bi'unai bangu	fu'ivla				remnkimi
re'olte	$x_2$ ge se ralte $x_1$ gi gau $x_1$ ru'i zvajbi ju zvala'i $x_1$	fu'ivla		zo {ralte} .i zo {bevri} .i zo {zvajbi} .i zo {zvala'i}
ra'oi	tcita lo pa rafsi noi se li'erla'i ku'o lo du'u vo'e rafsi	experimental cmavo		.i .a'e so'o roi ku canlu bu .a denpa bu cu .ei lidne ja se lidne lo rafsi .i la zantufa xi pipavo .e lo balvi cu genturfa'i zo ra'oi poi cmavo ma'oi RAhOI to zoi zoi http://guskant.github.io/gerna_cipra/zantufa-0.14.html zoi toi .i mupli fa lu ra'oi.cra li'u .e lu ra'oi.cac li'u .e lu ra'oicai li'u .e lu ra'oicacy li'u .e lu ra'oi.gismy li'u .e lu ra'oigismu li'u		rafsi	RAhOI
re'au'e	se se	experimental cmavo					SE*
ri'a nai	fi'o na'e {rinka}	cmavo-compound		.i srana zo {na'e} .e zo {rinka}			BAI*
rigni	$x_1$ to'e se nelci ja to'e melbi ja to'e kukte ja se malfri $x_2$ .i $x_1$ to'e pluka $x_2$	gismu	rig;rign;rigni	{nelci}; {melbi}; {kukte}; {malfri}; {pluka}
rijno	$x_1$ blabi je ranti jinme cmuxu'i gi'e se pilno fi lo ka zbasu lo minra jo'u lo sicni jo'u lo jadni jo'u ctitci li'o kei gi'e se sinxa zo'oi Ag	gismu	rij;rijn;rijno	{blabi}; {ranti}; {jinme}; {cmuxu'i}; {pilno}; {zbasu}; {minra}; {sicni}; {jadni}; {ctitci}; {sinxa}
rilti	$x_1$ porsi ja vlapoi gi'e morna lo so'i sance $x_2$ noi zgike	gismu	ril;rilt;rilti	lo rilti na bilga lo ka slilu .i {damri} .i {pemci} .i {tonga} .i {zgike} .i {slilu} .i {dikni} .i {sanga} .i {morna}
rinju	$x_1$ jai se fanta $x_2$ fai $x_3$ .i $x_2$ gasnu lo nu $x_1$ na zifre $x_3$	gismu	ri'u;rinj;rinju	{fanta}; {gasnu}; {zifre}; {pinfu}
rinka	lo nu $x_1$ fasnu na kakne lo ka na se jalge lo nu $x_2$ fasnu	gismu	rik;ri'a;rink;rinka	{fasnu}; {kakne}; {jalge}; {gasnu}; {krinu}; {nibli}; {mukti}	ri'a;ri'a nai
rinsa	$x_1$ frati $x_3$ le nu $x_2$ tolcliva	gismu	rins;rinsa	{frati}, {tolcliva}, {coi}		rinsa
rirci	$x_1$ ckaji $x_2$ gi'e cmima $x_3$ noi se cmima so'u ckaji be $x_2$ .i $x_1$ to'e fadni $x_2$ $x_3$	gismu	rirc;rirci	{ckaji}; {cmima}; {fadni}
rirni	$x_1$ kurji $x_2$ ze'a lo nu $x_2$ banro lo makcu lo cifnu	gismu	rir;rirn;rirni			rirni
rirxe	$x_1$ flecu lo djacu tu'i $x_2$ noi tumla ku'o fo $x_3$ fi $x_4$	gismu	ri'e;rirx;rirxe	{flecu}; {djacu}; {tumla}; {xamsi}; {lalxu}
rismi	$x_1$ gurni ja spati $x_2$ noi jutsi la'o jutsi Oryza sativa jutsi	gismu	ris;rism;rismi	{gurni}; {spati}; {jutsi}
ritli	$x_1$ se zukte fi $x_2$ fe $x_1$ gi'e se tarmi lo tcaci ja se javni ja se flalu	gismu	ri'i;ritl;ritli	{zukte}; {tarmi}; {tcaci}; {javni}; {flalu}
rivbi	$x_1$ zukte $x_3$ lo nu naku $x_1$ ckaji $x_2$	gismu	riv;rivb;rivbi	srana fa zo {zukte}
rokci	$x_1$ jdari kunra marji $x_2$ gi'e se krasi $x_3$	gismu	rok;ro'i;rokc;rokci	{jdari}; {kunra}; {marji}; {krasi}
romge	$x_1$ jinme $x_2$ gi'e sefta gi'e ba'o se spali gi'e mutce lo ka minra	gismu	rog;romg;romge	{jinme}; {sefta}; {spali}; {mutce}; {minra}
rorci	$x_1$ kansa $x_3$ lo nu $x_2$ co'a panzi $x_1$ joi $x_3$	gismu	ror;rorc;rorci			rorci
rotsu	$x_1$ barda $x_2$ noi cmarai cimde $x_1$ ku'o $x_3$	gismu	rot;tsu;ro'u;rots;rotsu			rotsu
rozgu	$x_1$ xrula $x_2$ noi jutsi la'o jutsi Rosa jutsi	gismu	roz;zgu;rozg;rozgu
ri'i	fi'o {lifri}	cmavo		{lifri}		ri'i	BAI
ri'o	mekfancu .i li .abu ri'o by. ga'e cy. du le ra'irsumji be .abu bei by. bei cy.	cmavo		{mekfancu}; {ra'irsumji}		ri'o	VUhU4
ri'u	fi'o se pritu	cmavo		{pritu}		ri'u	FAhA2
ro	namcu .i se zilkancu lo mulno	cmavo	rol	{namcu}; {mulno} {zilkancu}		ro	PA4
ro'a	tcita le se cusku le du'u la'e ri srana le nu le cusku cu jikca	cmavo		{jikca}		ro'a	UI4
ro'e	tcita le se cusku le du'u la'e ri se krasi le menli be le cusku	cmavo		{menli}		ro'e	UI4
ro'i	tcita le se cusku le du'u la'e ri srana le nu le cusku cu cinmo	cmavo		{cinmo}		ro'i	UI4
roi	galfi lo'e namcu lo'e tcita be fi le du'u le se cusku cu rapli le namcu ze'a le se tcita	cmavo	rom;roi	{rapli}		roi	ROI
ro'o	tcita le se cusku le du'u la'e ri se krasi le xadni be le cusku	cmavo		{xadni}		ro'o	UI4
ro'u	tcita le se cusku le du'u la'e ri srana le nu le cusku cu cinse	cmavo		{cinse}		ro'u	UI4
ru	sumka'i lo puzu lidne	cmavo		{puzu} {lidne} {sumka'i}		ru	KOhA4
ru'a	tcita le se cusku le du'u la'e ri se sruma	cmavo		{sruma}		ru'a	UI2
ronsa	na nitcu su'o nu $x_1$ jo'u $x_2$ cu ckaji $x_3$ kei naku ki'u ja va'o $x_4$	experimental gismu	ronsa	se srana zo {simsa} .e zo {nalra'a} .e lu {to'e} {nitcu} li'u
rikygau	$x_1$ gasnu lo nu $x_2$ rinka $x_3$	lujvo		ko catlu fe ji'a zo {rinka} .e zo {gasnu}				rinka;gasnu
rilsle	$x_1$ selci lo se rilti be $x_2$	lujvo		.i mupli fa lu lo fi'u vo si'e cu rilsle la romans.anonimos i je ri rilti lo ci rilsle li'u .i srana zo {rilti} .e zo {selci} .e zo {rilsletei}				rilti;selci
rilsletei	$x_1$ temci gi'e mapti lo selci be lo se rilti be $x_2$ be'o be'o no'u $x_3$	lujvo		.i $x_3$ {rilsle} $x_2$ .i mupli fa lu lo mentu be li fi'u pa re no cu rilsletei lo zgike lo fi'u bi si'e li'u .e lu la .andantes. cu rilsletei lo selsa'a zo'e li'u .e lu lo mentu be li fi'u xa no ca rilsletei lo mi risna rilti lo pa mei be lo nu lo risna cu cmaze'a ce'o zilxru li'u .i srana zo {rilti} .e zo {selci} .e zo {temci} .e zo {rilsle}				rilti;selci;temci
rimsi'u	$x_1$ simxu lo ka ce'u rimni ce'u $x_2$ boi $x_3$	lujvo				rimsi'u		rimni;simxu
rimsku	$x_1$ cusku $x_2$ noi ke'a vasru su'oi rimsi'u	lujvo				rimsku		rimni;cusku
rinju'o	$x_1$ djuno lo du'u ma kau krinu $x_2$	lujvo				rinju'o		krinu;djuno
ripygarna	$g_1$ garna $g_2$=$c_1$ po'u lo cripu ge'u $g_3$	lujvo						cripu;garna
ripyzbe	$z_1$ zbepi $z_2$=$c_1$ po'u lo cripu ge'u $z_3$	lujvo						cripu;zbepi
rirtaitra	$x_1$ tarti $x_2$ gi'e tai bo rirni vau $x_3$	lujvo						rirni;tarmi;tarti
riryrirni	$x_1$ rirni lo rirni be $x_2$	lujvo						rirni;rirni
rivli'a	$x_1$ zukte lo ka cliva $x_2$ boi $x_3$ kei lo ka rivbi $x_2$	lujvo		{rivbi} {cliva}		rivli'a		rivbi;cliva
rixybakfu	$ko'a$ bakfu $ko'e$ $ko'i$ gi'e trixe $ko'o$ vo'e .ije $ko'o$ bevri $ko'a$	lujvo		{trixe} {bakfu}				trixe;bakfu
ro'acku	$c_1$ cukta $c_2$=$p_1$ po'u lo prosa ge'u $c_3$ $c_4$ $c_5$	lujvo						prosa;cukta
rokske	$x_1$=$s_1$ saske lo si'o rokci ku $x_2$=$s_3$	lujvo						rokci;saske
rokybakfu	$b_1$=$r_1$ bakfu loi rokci	lujvo		.e'u ko tcidu tu'a zo {rokci} .e zo {bakfu}				rokci;bakfu
rolcumja'e	$x_1$ jalge ro cumki be $x_2$	lujvo		ji'a jundi zo {narfaunarcu'i} .e lu {to'e} {cunso} li'u				ro;cumki;jalge
roldei	$x_1$ na'o fasnu ca ro djedi	lujvo				roldei		ro;djedi
roldepre'e	$x_1$ trene $x_2$ boi $x_3$ boi $x_4$ gi'e denpa lo nu $x_2$ co'a ja co'u se marce $x_1$ kei lo za'i $x_1$ cando kei lo nu $x_1$ di'a muvdu kei roroi lo nu $x_1$ tolcliva lo tcana	lujvo		.i .e'u ko tcidu tu'a zo {ro} .e zo {denpa} .e zo {trene}				ro;denpa;trene
roldje	$x_1$ na'o fasnu ca ro djedi	lujvo		srana fa zo {fasnu} .e zo {dikni} .e zo {djedi} .e zo {tcaci} .e zo {cafne} .e zo {na'o} .e zo {ta'e} .e zo {krefu} .e zo {rapli}		roldje		ro;djedi
roldza	naku suzdza fa lo ka ce'u naku ckaji $x_1$	lujvo		srana fa zo {kampu} .e zo {suzdza} .e zo {nonydza} .e zo {kaidza} .e zo {zilkancu}				ro;da
roldzadijbartu	$b_1$ ro da poi dinju cu bartu	lujvo		.e'u ko tcidu tu'a zo {dijbartu}				ro;da;dinju;bartu
roldzapa'i	$p_1$ prami ro da	lujvo						ro;da;prami
rolju'o	$x_1$ djuno ro da $x_2$ boi $x_3$	lujvo				rolju'o		ro;djuno
rolki'i	$x_1$ ckini ro da $x_2$	lujvo		{ckini}; {ro}; {omni}				ro;ckini
rolnonvlina	$x_1$ vlina le kanxe be $x_2$ bei $x_3$ le kanxe be le natfe be $x_2$ be'o bei le natfe be $x_3$	lujvo		{ro} {no} {vlina}; {kanxe}; {natfe}		rolnonvlina		ro;no;vlina
rolrafcre	$x_1$ certu lo ka ce'u djuno je morji lo du'u ro rafsi be fo $x_2$ cu rafsi makau	lujvo						ro;rafsi;certu
rolselsumji	$x_1$ selsumji li ro boi $x_2$	lujvo		{ro} zei {selsumji}; {da'a}		rolselsumji		ro;se;sumji
rorlei	$x_1$ klesi $x_2$ lo ka da poi temci zo'u ro cmima be ce'u cu se rorci ca da	lujvo				rorlei		rorci;klesi
rufsfe	$x_1$ sefta $x_2$ gi'e rufsu	lujvo		.i {rufsu} {sefta}				rufsu;sefta
rulbakfu	$x1$ bakfu lo xrula be $x2$ $x3$	lujvo						xrula;bakfu
runbau	$x_1$ bangu $x_2$ fi $x_3$ gi'e rutni	lujvo		srana fa zo {rarbau} .e zo {bangu}				rutni;bangu
rutcalku	$x1$ calku $x2$ noi grute $x3$ ku'o $x4$	lujvo						grute;calku
rutma'u	$x1$ makcu $x2$ gi'e grute	lujvo						grute;makcu
ruxla'a	xy. goi $x_1$ poi pruxi cu lasna xy. $x_2$ $x_3$ noi pruxi gi'a pruxi sabji	lujvo		.i mu'a lo te dapma ju'e lo bongu cu ka'e te ruxla'a				pruxi;lasna
ruxse'i	$x_1$ pruxi gi'e sevzi $x_2$	lujvo		ji'a zgana zo {re'e} .e zo {lijda} .e zo {crida} .i zbasu fi zo {pruxi} ce'o zo {sevzi}				pruxi;sevzi
ruxyxadle'a	$x_1$ noi pruxi gi'a mucti cu lebna lo xadni be $x_2$ ri .i $x_1$ noi na se xadni le se no'a .a su'o da jitro lo xadni be $x_2$	lujvo		na nibli lo nu x2 curmi .a lo nu x1 bapyzu'e				pruxi;xadni;lebna
sackyta'e	$t_1$ tanxe loi sacki ku $t_3$	lujvo						sacki;tanxe
sajyse'i	$x_1$ sefsi lo ka ce'u sanji ce'u	lujvo		{sefsi} .i {sanji}				sanji;sevzi
salcarce	$x_1$ claxu be lo gunro ku carce $x_2$ $x_3$ gi'e sakli $x_4$	lujvo		{sakli} {carce}				sakli;carce
samcfi	$x_1$ cfila $x_2$ poi ke'a samtci gi'a skami ku'o $x_3$	lujvo		.e'u ko tcidu tu'a zo {samcfisisku}				skami;cfila
samcfisisku	$si_1$ sisku $c_1$=$si_2$ poi ke'a ka cfila be vo'i be'o kei $c_2$=$si_3$=$sk_1$	lujvo		.e'u ko tcidu tu'a zo {samcfi} .e zo {cfisisku} .e zo {skami} .e zo {cfila} .e zo {sisku}				skami;cfila;sisku
samcfisistci	$t_1$ samtci le nu sidju lo pilno lo nu samcfisisku	lujvo		.e'u ko tcidu tu'a zo {samcfisisku}				skami;cfila;sisku;tutci
samda'o	ro da poi ke'a skami zo'u $x_1$ zvada'o da gi'e ja'e bo na ka'e pilno da fau lo cabna .i ro da poi ke'a skami zo'u $x_1$ poi'i lo nu ma kau ni ke'a zvada'o da cu fanta lo nu ke'a pilno da	lujvo		srana fa zo {skami} .e zo {darno} .e zo {fanta} .e zo {pilno} .e zo {cumki} .e zo {kibro}		samda'o		skami;darno
samjavyfonxypliduskemjuglerci'analka'ebi'ojaxyja'e	.i lo ka samjavyfonxypliduskemjuglerci'analka'ebi'ojaxyja'e cu ka ko'a xi pa ko'e xi pa ko'i xi pa ko'o xi pa ko'i xi re ko'e xi re ko'e xi ci ko'u xi pa fo'a xi pa fo'e xi pa fo'i xi pa fo'e xi re fo'i xi re fo'e xi ci fo'o xi pa ce'ai ko'a xi pa goi $x_1$ jai jalge fai lo ka ce'u binxo lo ka ce'u na'e kakne lo ka ce'u ciska ko'e xi pa goi $x_2$ noi ke'a lerfu ko'i xi pa goi $x_3$ noi jungo ko'o xi pa goi $x_4$ ku'o ko'i xi re goi $x_5$ ku'o ko'e xi re goi $x_6$  ko'e xi ci goi $x_7$ kei ko'u xi pa goi $x_8$ kei fo'a xi pa goi $x_9$ kei lo nu ko'a xi pa goi $x_1$ dukse lo ni ce'u pilno fo'e xi pa goi $x_{10}$ noi skami fo'i xi pa goi $x_{11}$ ku'o .a fo'e xi re goi $x_{12}$ noi ke'a fonxa fo'i xi re $x_13$ ku'o fo'e xi ci goi $x_{14}$ kei fo'o xi pa goi $x_{15}$	lujvo		.i mi dunda lo rupnu be li ki'oki'o lo jimpe vau .u'i				skami;ja;fonxa;pilno;dukse;ke;jungo;lerfu;ciska;na'e;kakne;binxo;jai;jalge
samjo'e	$j_1$=$s_1$ poi ke'a skami cu jorne $j_2$=$s_2$ poi ke'a skami ku'o $j_3$	lujvo						skami;jorne
samjongau	$g_1$ gasnu lo nu $j_1$=$s_1$ poi ke'a skami cu jorne $j_2$=$s_2$ poi ke'a skami ku'o $j_3$	lujvo						skami;jorne;gasnu
samkei	$k_1$ kelci $s_1$ po'u lo skami	lujvo		.e'u ko tcidu tu'a zo {samyzilkei} .e  zo {samyzilkeikei}				skami;kelci
samnarca'igau	$g1$ gasnu lonu $g1$=$c1$ na catni $c2$ to lo skami toi $c3$ to lo selci'a be lo samplicme toi	lujvo		Cf. {gasnu}, {catni}, {skami}, {sampli}, {japyvla}		log out		skami;na;catni;gasnu
sampre	.i ca'e lo ka ce'u goi $x_1$ sampre ce'u goi $x_2$ cu ka ce'u goi $x_1$ prenu gi'e skami ce'u goi $x_2$	lujvo		.i .e'u do catlu tu'a zo {skami} .e zo {prenu}				skami;prenu
samselse'u	$se_2$=$sk_1$ skami gi'e se selfu $se_1$ po'u lo skami ge'u $se_3$	lujvo		.e'u ko tcidu tu'a zo {samse'u}				skami;se;selfu
samse'u	$se_1$=$sk_1$ skami gi'e selfu $se_2$ po'u lo skami ge'u $se_3$	lujvo		.e'u ko tcidu tu'a zo {samselse'u}				skami;selfu
samske	$x_1$=$s_1$ saske lo si'o skami ku $x_2$=$s_3$	lujvo						skami;saske
samtciselse'u	$se_2$=$sk_1$ samtci gi'e se selfu $se_1$ po'u lo samtci ge'u $se_3$	lujvo		.e'u ko tcidu tu'a zo {samtcise'u}				skami;tutci;se;selfu
samtcise'u	$se_1$=$sk_1$ samtci gi'e selfu $se_2$ po'u lo samtci ge'u $se_3$	lujvo		.e'u ko tcidu tu'a zo {samtciselse'u}				skami;tutci;selfu
samyza'i	$x_1$ zasti $x_2$ boi $x_3$ noi ke'a skami	lujvo						skami;zasti
samyzilkei	zi'o kelci $x_1$=$k_1$ sau $x_2$=$s_1$ po'u lo skami	lujvo		.e'u ko tcidu tu'a zo {samkei} .e zo {samyzilkeikei}				skami;zi'o;kelci
samyzilkeikei	$x_1$ kelci $x_2$ po'u lo samyzilkei	lujvo		.e'u ko tcitu tu'a zo {samyzilkei} .e zo {samkei}				skami;zi'o;kelci;kelci
satybebna	$b_1$ bebna $b_2$ ri'a lo nu citka $s_1$ noi sakta $s_2$ boi $s_3$	lujvo						sakta;bebna
satyjdu	$x_1$ cidja gi'e jduli lo sakta .e $x_2$	lujvo						sakta;jduli
saunrai	$x_1$ traji fo $x_2$ fe lo ka slabu $x_3$	lujvo						slabu;traji
saxfri	$x1$ lifri lo ka sarxe $x2$	lujvo						sarxe;lifri
saxse'i	$x_1$ sefsi lo ka ce'u ce'u sarxe $x_2$	lujvo		{sarxe}; {sefsi}				sarxe;sevzi
saxsi'u	$x_1$ simxu lo ka ce'u ce'u sarxe $x_2$	lujvo		{sarxe}; {simxu}				sarxe;simxu
sazyse'i	$x_1$ sefsi lo ka ce'u sazri ce'u $x_2$	lujvo		{sefsi} .i {sazri} .i {zmiku}				sazri;sevzi
secysna	$x_1$ sance lo nu $x_2$ senci	lujvo		.e'u ko tcidu tu'a zo {senci} .e zo {sance}				senci;sance
sedbo'u	$x_1$ bongu $x_2$ gi'e greku lo stedu be ri	lujvo		srana fa zo {bongu} .e zo {stedu}				stedu;bongu
sedvre	lo stedu be $x_1$ vreta $x_2$	lujvo						stedu;vreta
sedyta'u	$x_1$ taxfu le stedu be $x_2$ boi $x_3$ .i $x_2$ dasni $x_1$ noi mapku ku'o tezu'e $x_3$	lujvo		{stedu} {taxfu}; {mapku}		sedyta'u		stedu;taxfu
samjudri zei uidje	$u_1$ $u_2$ uidje tepi'o lo nu ciska lo samjudri	zei-lujvo
o'inmo	$x_1$ .o'i zei cinmo $x_2$ .i $x_1$ cinmo fi $x_2$ fe lo ka ce'u nitcu lo ka ce'u jundi ja fanta ja rivbi lo ckape ja lo nu srera	fu'ivla		{a'anmo}; {a'enmo}; {a'inmo}; {a'onmo}; {a'unmo}; {ainmo}; {aunmo}; {i'anmo}; {i'enmo}; {i'inmo}; {i'onmo}; {i'unmo}; {ianmo}; {ienmo}; {iinmo}; {ionmo}; {iunmo}; {o'anmo}; {o'enmo}; {o'onmo}; {o'unmo}; {oinmo}; {u'anmo}; {u'enmo}; {u'inmo}; {u'onmo}; {u'unmo}; {uanmo}; {uenmo}; {uinmo}; {uonmo}; {uunmo}		o'inmo
oinmo	$x_1$ .oi zei cinmo $x_2$ .i $x_1$ cinmo lo ka ce'u pante $x_2$ .i $x_1$ cinmo lo ka ce'u na'e se pluka ja steba ja cortu kei $x_2$	fu'ivla		{a'anmo}; {a'enmo}; {a'inmo}; {a'onmo}; {a'unmo}; {ainmo}; {aunmo}; {i'anmo}; {i'enmo}; {i'inmo}; {i'onmo}; {i'unmo}; {ianmo}; {ienmo}; {iinmo}; {ionmo}; {iunmo}; {o'anmo}; {o'enmo}; {o'inmo}; {o'onmo}; {o'unmo}; {u'anmo}; {u'enmo}; {u'inmo}; {u'onmo}; {u'unmo}; {uanmo}; {uenmo}; {uinmo}; {uonmo}; {uunmo}		oinmo
olkai	roldza fa lo ka ce'u menre $x_1$ gi'o ckaji $x_2$ .i va'i $x_1$ se steci $x_2$ lo ro da	fu'ivla		srana fa zo {lo} .e zo {roldza} .e zo {menre} .e zo {ckaji} .e zo {steci}
omni	$x_1$ ckini fi $x_2$ fe ro da (to poi ke'a ckaji $x_3$ toi)	fu'ivla		djuno ro da (= {omnyju'o}), kakne ro da (= {omnyka'e}), zvati ro da (= {omnyzva}), se bangu ro da (= {omnyselbau}), citka ro da (= {omnycti}) .i ko catlu zo {rolki'i} ji'a		omni
omnomo	$x_1$ smaka $x_2$ noi zabna	fu'ivla				smaka lo zabna
onmatopo'eia	$x_1$ valsi $x_2$ gi'e simsa lo se sinxa be $x_1$ lo ka ma kau sance ce'u	fu'ivla		srana fa zo {akna} .e zo {tiktaki}		onmatopo'eia
orvalu	$x_1$ lunsa zi'o $x_2$ $x_3$	fu'ivla
otpi	$x_1$ $x_2$ $x_3$ zi'o botpi	fu'ivla		.e'u ko tcidu la'e zo {botpi}
oxtapodi	$x_1$ me la'o zoi Octopus zoi gi'e xamsi danlu $x_2$ gi'e ponse bi tu'urbirka	fu'ivla		ji'a zgana zo {tu'urbirka}
oi'u	sei cortu	experimental cmavo		.i srana zo .{oi} .e zo {cortu}			UI1
o'o nai	tcita le se cusku le du'u la'e ri te fengu fi le cusku	cmavo-compound		{o'o} {nai}; {fengu}		o'onai	UI*
o'onmo	$x_1$ .o'o zei cinmo $x_2$ .i $x_1$ cinmo lo ka panpi ja pendo ja to'e fengu kei $x_2$ .i $x_1$ na se fanza lo nu $x_1$ denpa	fu'ivla		{a'anmo}; {a'enmo}; {a'inmo}; {a'onmo}; {a'unmo}; {ainmo}; {aunmo}; {i'anmo}; {i'enmo}; {i'inmo}; {i'onmo}; {i'unmo}; {ianmo}; {ienmo}; {iinmo}; {ionmo}; {iunmo}; {o'anmo}; {o'enmo}; {o'inmo}; {o'unmo}; {oinmo}; {u'anmo}; {u'enmo}; {u'inmo}; {u'onmo}; {u'unmo}; {uanmo}; {uenmo}; {uinmo}; {uonmo}; {uunmo}		o'onmo
orsi	$x_1$ porsi gi'e mo'e $x_2$ mei gi'e se pa moi $x_3$ gi'e se re moi $x_4$ gi'e se ci moi $x_5$ li'o	fu'ivla
o'unmo	$x_1$ .o'u zei cinmo $x_2$ .i $x_1$ cinmo lo ka ce'u surla ja na'e se raktu ja smacni ja kufra kei $x_2$	fu'ivla		{a'anmo}; {a'enmo}; {a'inmo}; {a'onmo}; {a'unmo}; {ainmo}; {aunmo}; {i'anmo}; {i'enmo}; {i'inmo}; {i'onmo}; {i'unmo}; {ianmo}; {ienmo}; {iinmo}; {ionmo}; {iunmo}; {o'anmo}; {o'enmo}; {o'inmo}; {o'onmo}; {oinmo}; {u'anmo}; {u'enmo}; {u'inmo}; {u'onmo}; {u'unmo}; {uanmo}; {uenmo}; {uinmo}; {uonmo}; {uunmo}		o'unmo
palxima	$x_1$ pavyxilma'e	fu'ivla
pandimanu	$x_1$ pavmei je prenu gi'e .olkai jo'u gi lo ka $x_2$ se dimna lo nu $x_2$ ce'u ga nai su'o roi penmi gi ze'e ba .amba gi lo ka ce'u matpa'e $x_2$	fu'ivla		na ku ro da zo'u lo se pandimanu be da cu djuno lo du'u da pandimanu ri .i srana fa zo {dimna} .e zo .{amba} .e zo {matpa'e}		pandimanu
pardesu	$x_1$ censa zvastu ja munje lo vrude pruxi poi lo xadni be ke'a ba'o mrobi'o ku'o jo'u lo cevni gi'e jai bu'u panpi gi'e prane	fu'ivla		srana fa zo {zvastu} .e zo {munje} .e zo {censa} .e zo {cevni} .e zo {panpi} .e zo {prane} .e zo {pruxi}		pardesu
peglfi	$x_1$ pegjva gi'e dunli $x_3$ lo ka mo'oi kau .uenzi va'o tu'a ce'u gendra kei gi'e poi'i lo te pruce be fi tu'a ke'a lo te pruce be fi tu'a $x_3$ cu ckini $x_2$ .i $x_1$ ka ce'u su'o se me'au $x_3$ be ce'u cu me'au $x_2$ ce'u	fu'ivla		zo {pegjva} .i zo {uenzi}
pegnaka	$x_1$ pegjva gi'e dukti lo pegnpe be $x_2$ .i $x_1$ ka ti ta tu ce'ai ge ta kutpoi gi ti mintu tu gi'e me'au $x_2$ no da su'o de	fu'ivla		mu'a zoi .peg. alis <- !bob iv .peg. sinxa lo du'u la .alis. cu {pegrpoi} lo pegnaka be zo .bob. ku ce'o la .iv. ni'o zo {pegjva} .i zo {pegnpe} .i zo {kutpoi}
pegnpe	$x_1$ pegjva gi'e dunli $x_3$ lo ka va'o ma kau jai jetnu ku gi'e ku'i poi'i lo gentufa se mo'u lo nu zukte tu'a ke'a na cenba lo ka catlu mo'oi kau pagbu be lo uenzi .i $x_1$ ka ti ta tu ce'ai ge ta kutpoi gi ge ti mintu tu gi'e me'au $x_2$ su'o da su'o de	fu'ivla		mu'a zoi .peg. alis <- &bob iv .peg. sinxa lo du'u la .alis. cu pegrpoi lo pegnpe be la .bob. be'o ce'o la .iv. ni'o zo {pegjva} .i zo {kutpoi} .i zo {pegrpoi} .i zo {pegnaka}
pegrcu'a	$x_1$ pegjva gi'e va'o dunli lo zunlyrai be lo cmima be $x_2$ be'o poi mapti lo uenzi ku lo ka jai pruce fe ja fi ma kau .i $x_1$ ka ti ta tu ce'ai ge $x_2$ pormei li su'o         gi ru'o traji be fi lo cmima be $x_2$ be'o poi ro ke'a ti su'o da su'o de .emna                         bei fe lo ka ma kau se sumji li no lo se pormoi be ce'u bei $x_2$                 cu .emna ti ta tu	fu'ivla		mu'a zoi .peg. alis <- bob / iv .peg. sinxa lo du'u la .alis. cu pegrcu'a la .bob. ce'o la .iv. ni'o zo {pegjva} .i zo {pormei} .i zo {ru'oi} .i zo .{emna}
pegrke'u	$x_1$ pegjva gi'e na'o se sinxa lo sinxa be $x_2$ noi pegjva be'o na'u konkatena me'o tarci bu .i $x_1$ ka ce'u ce'u ce'u $x_2$ pegrke'une	fu'ivla		ko'oi lo na'e formale smuvelcki uenzi cu se basti va'o lo nu su'o da valsi lo na'e tsali pe'a smuni be zo simxu ni'o mu'a zoi .peg. alis <- "bob"* .peg. sinxa lo du'u la .alis. cu pegrke'u lo {pegrsto} be zo .bob. ni'o zo {pegjva} .i zo {konkatena} .i zo {pegrke'une} .i zo {pegrsu'o} .i zo {pegrsu'e}
pegrke'une	.ifle fa lo du'u $x_1$ no da su'o de su'o di me'au $x_4$ kei,         lo du'u ge $x_2$ kutpoi gi $x_3$ mintu $x_1$ kei,         lo du'u su'o da zo'u:                 $x_2$ porsere lo se me'au $x_4$ be $x_1$ bei da                                 lo se pegrke'une be da bei $x_3$ bei $x_4$	fu'ivla		zo {pegrke'u} .i zo {kutpoi} .i zo {porsere}
pegrpoi	$x_1$ pegjva gi'e jai pruce lo se pruce be tu'a $x_2$ noi porsi su'oi pegjva ku'o lo porkini be $x_2$ bei lo ka ce'u te pruce fi tu'a ce'u .i $x_1$ ka ce'u ce'u ce'u $x_2$ pegrpoine	fu'ivla		mu'a zoi .peg. alis <- bob "iv" .peg. sinxa lo du'u la .alis. cu pegrpoi la .bob. ce'o lo pegrsto be zo .iv. ni'o zo {pegjva} .i zo {porkini} .i zo {pegrpoine} .i zo {pegrsto}
pegrpoine	.ifle fa lo du'u $x_4$ pormei li no kei, lo du'u ge $x_2$ kutpoi gi $x_3$ mintu $x_1$ kei, lo du'u su'o da zo'u: $x_2$ porsere lo se me'au lo se porsere be $x_4$ ku be $x_1$ bei da lo se pegrpoine be da bei $x_3$ bei lo te porsere be fi $x_4$	fu'ivla		zo {pegrpoi} .i zo .{ifle} .i zo {pormei} .i zo {kutpoi} .i zo {porsere}
pegrsto	$x_1$ pegjva gi'e jai pruce $x_2$ fi $x_2$ .i $x_1$ ka da de di ce'ai de se porfedi da di gi'e mintu $x_2$	fu'ivla		mu'a zoi .peg. alis <- "bob" .peg. sinxa lo du'u la .alis. cu pegrsto zo .bob. \\ ni'o zo {pegjva} .i zo {porfedi}
pegrsu'e	$x_1$ pegjva gi'e jai se pruce lo brarai be lo kutpoi jo'u lo se pruce be $x_2$ gi'e jai te pruce lo kutpoi fa'u lo te pruce be tu'a $x_2$ .i $x_1$ ka ti ta tu ce'ai .ifle fa lo du'u ti no da su'o de su'o di me'au $x_2$ kei         lo du'u ge ta kutpoi gi tu mintu ti kei         lo du'u ta porsere fi lo kutpoi fe lo se me'au $x_2$ be ti bei tu	fu'ivla		mu'a zoi .peg. alis <- "bob"? .peg. sinxa lo du'u la .alis. cu pegrsu'e lo {pegrsto} be zo .bob. ni'o zo {pegjva} .i zo {kutpoi} .i zo {pegrke'u} .i zo {pegrsu'o}
pegrsu'o	$x_1$ pegjva gi'e na'o se sinxa lo sinxa be $x_2$ noi pegjva be'o na'u konkatena me'o su'i bu .i $x_1$ ka ti ta tu ce'ai ti pegrke'une su'o pormei be li su'o ku je ta fi tu fo $x_2$	fu'ivla		ko'oi lo na'e formale smuvelcki uenzi cu se basti va'o lo nu su'o da valsi lo na'e tsali pe'a smuni be zo simxu ni'o mu'a zoi .peg. alis <- "bob"+ .peg. sinxa lo du'u la .alis. cu pegrsu'o lo pegrsto be zo .bob. ni'o zo {pegjva} .i zo {konkatena} .i zo {pegrke'une} .i zo {pegrke'u} .i zo {pegrsu'e}
pikniki	$x_1$ citka $x_2$ noi sanmi ku'o bu'u $x_3$ noi se zvati su'o nurma gi'e se pilno fi la'e dei gi'e ta'e se bregau fi lo ka zutse gi'e bregau lo sanmi gi'e citka li'o	fu'ivla
pilne'ande	$x_1$ .e'ande $x_2$ lo ka ce'u pilno $x_3$ noi $x_1$ ponse ke'a ku'o $x_4$	fu'ivla		srana fa zo {e'ande} .e zo {pilno} .e zo {ponse} .e zo {fatri} .e zo {pagdu'a}		pilne'ande
rundini	$x_1$ cipni $x_2$ noi ke'a klesi la'o me. Hirundinidae .me	fu'ivla		smudu'i zo {tsubame} .e zo {irnodela}		rundini
rutrmango	$x_1$ noi grute ja tricu la'o ly. Mangifera .ly. cu spatrnakardiace $x_2$	fu'ivla
saskrsporte	$x_1$ saske lo si'o esporte ku $x_2$	fu'ivla		.e'u ko tcidu tu'a zo {saske} .e zo {esporte}
samyuan	zo .samyuan., noi se krasi lo valsi befi lo glibau beife tu'ai «da poi prenu» li'u, cu cmene lo cevni be lo'e prenu poi lazni .i le go'i cu sinxa lo du'u le cusku cu ca'engau lo du'u la .samyuan. ku no'u lo datpre be cy be'o poi to'e itca cu basti cy lo ka ce'u fuzme da	cmevla
nau'o	lo poi'i mi na djuno lo du'u ma kau me ke'a	experimental cmavo					KOhA7
ru'oi	ku'antora .i ro bu'a ro bu'e zo'u lo du'u ru'oi bu'a cu bu'e cu dunli lo du'u su'oi da poi ge ke'a bu'a gi ro'oi bu'a cu me ke'a cu bu'e	experimental cmavo		zo .{olkai} smujbi .i srana fa zo {ku'antora} jo'u zo {su'oi} jo'u zo {ro'oi} .i va'o su'o xanri gerna poi va'o ke'a lu «lo ti broda» li'u na sumsni cu cmavo ge nai ma'oi pa gi ja'ai ma'oi le			PA
se ba'i	fi'o se basti	cmavo-compound		{basti}, {ba'i}		seba'i	BAI*
sedykre	$x_1$ kerfa lo stedu be $x_2$	lujvo		srana fa zo {sedykrecau}				stedu;kerfa
sei'e	lu "sei'e broda" li'u smudu'i lu "sei mi djuno be fo lo su'u broda" li'u	experimental cmavo		.i mu'a lu "za'a .i ka'u .i se'o" li'u smudu'i lu "sei'e zgana .i sei'e kulnu .i sei'e senva" li'u			SEI
se ja'e	fi'o se jalge	cmavo-compound		.i srana zo {se} .e zo {jalge}			BAI*
se ja'e nai	fi'o na'e se jalge	cmavo-compound		.i srana zo {na'e} .e zo {se} .e zo {jalge}			BAI*
selci	$x_1$ cmarai lo spisa be $x_2$ be'o poi ckaji be lo se ckaji be $x_2$	gismu	sle;selc;selci	{cmarai}; {spisa}; {ckaji}
selba'agau	$x_1$ gasnu lo nu $x_2$ se barna  $x_3$ boi $x_4$	lujvo				selba'agau		se;barna;gasnu
selbijninvokslicpi	$x_1$ cipni la'o banlu'atu. Protonotaria citrea .banlu'atu	lujvo				Prothonotary warbler;Protonotaria citrea		se;briju;cnino;voksa;slilu;cipni
selbri	$x_1$ se bridi $x_2$ fi $x_3$	lujvo		srana fa zo {bridi} .e zo {zilbri} .e zo {sumti}				se;bridi
selbricu'i	$x_1$ valsi gi'a vlapoi .ije cumki fa lo nu $x_1$ selbri	lujvo		.i la'a so'i prenu cu pilno zo selbri pe se ba'i zo selbricu'i .i mu'a sa'e zo broda pe lu lo broda li'u genai selbri gi selbricu'i				se;bridi;cumki
selbrisle	$x_1$ selci lo sinxa be lo selbri	lujvo		.i lu {selbri} {selci} li'u veljvo .i srana fa zo {ziltau}				se;bridi;selci
selbrisni	$x_1$ sinxa lo selbri be la'e $x_2$ bei lu'i la'e lu'a $x_3$	lujvo		i $x_2$ {brisni} ije $x_3$ {terbrisni} i srana zo {se} e zo {bridi} e zo {sinxa}				se;bridi;sinxa
selbritcita	$x_1$ tcita lo selbri $x_2$	lujvo		{selbri} {tcita}; {se} {bridi}				se;bridi;tcita
selcaugau	$x_1$ gasnu lo nu $x_2$ se claxu $x_3$	lujvo						se;claxu;gasnu
selcindu	$x_1$ se cindu $x_2$	lujvo		{cindu}				se;cindu
selcmi	$x_1$ se cmima ro lo me $x_2$ me'u e no lo na me $x_2$	lujvo		{se} {cmima}				se;cmima
selcmipi'i	ro da poi cmima $x_2$ ku'o ro de poi cmima $x_3$ zo'u da ce'o de cmima $x_1$ i ro da poi cmima $x_1$ zo'u ge da remei porsi gi le pamoi fa'u remoi cmima be da cu cmima $x_2$ fa'u $x_3$	lujvo		{selcmi} {pilji}; {pi'u}		selcmipi'i		se;cmima;pilji
selda'ergau	$g_1$ gasnu lo nu $d_2$ se danre $d_1$	lujvo		.e'u ko zgana tu'a zo {da'ergau} .e zo {da'erzu'e} .e zo {danre} .e zo {gasnu}				se;danre;gasnu
seldasysudri'ami'i	.i lo ka seldasysubri'ami'i cu ka ce'u goi $x_1$ minji lo ka ce'u rinka lo nu lo se dasni be ce'u xi ci goi $x_2$ cu sudga ce'u xi ci goi $x_3$	lujvo		.i .e'u do zgana ro lo cmima be zo {minji} ce zo {rinka} ce zo {sudga} ce zo {dasni}.				se;dasni;sudga;rinka;minji
seldaumupli	$x_1$ nafmupli $x_2$ boi $x_3$ .ije $x_4$ pilno la'edi'u lo ka darlu fi $x_5$	lujvo						se;darlu;mupli
selfa'a	$x_1$ se farna $x_2$ boi $x_3$	lujvo		{se} {farna}		selfa'a		se;farna
selfa'agau	$x_1$ gasnu lo nu $x_2$ se farna $x_3$ boi $x_4$	lujvo		{farna} .i {gasnu}				se;farna;gasnu
selfa'o	$f_2$ se fanmo $f_1$	lujvo						se;fanmo
selfargau	$x1$ gasnu lonu $x2$ se farna $x3$	lujvo						se;farna;gasnu
selguskandi	$x_1$ kandi lo ka se gusni $x_2$ $x_3$ kei $x_4$	lujvo		{kandi}; {gusni}				se;gusni;kandi
seljmimu'o	.i lo ka seljmimu'o cu ka ko'a ko'e ko'i ko'o ce'ai ko'a goi $x_1$ mulno lo ni ko'e goi $x_2$ se jimpe ko'i goi $x_3$ kei ko'o goi $x_4$	lujvo		.i lujvo fo lu se {jimpe} {mulno} li'u				se;jimpe;mulno
selke'a	$k_2$ se kevna $k_1$	lujvo						se;kevna
selkei	$x_1$ se kelci $x_2$	lujvo		srana fa zo {kelci} .e zo {keitci} .e zo {keldai}				se;kelci
selklucipra	.i lo ka ce'u goi $x_1$ selklucipra ce'u goi $x_2$ ce'u goi $x_3$ cu ka cipra lo du'u xu kau ce'u xi re goi ko'a se kulnu ce'u xi re kei ko'a	lujvo		.i .e'u do catlu ge zo'e pe zo kulnu gi zo'e pe zo cipra				se;kulnu;cipra
selma'ergi'a	$x_1$ gidva $x_2$ poi se marce vo'i ku'o lonu vo'e se marce $x_3$	lujvo						se;marce;gidva
selnu'e	$n_2$ se nupre $n_1$ $n_3$	lujvo				selnu'e		se;nupre
selpa'i	$x_1$ se prami $x_2$	lujvo				selpa'i		se;prami
selpa'imle	$x_1$ melbi $x_2$ $x_3$ $x_4$ gi'e se prami $x_2$	lujvo						se;prami;melbi
selpau	$x_1$ se pagbu $x_2$	lujvo						se;pagbu
selpli	$x_1$ se pilno $x_2$ fi $x_3$	lujvo						se;pilno
selprejumydu'a	$x_1$ se prejumydu'a $x_2$ $x_3$ $x_4$.	lujvo		ko {sitla} zo'e pe zo "{prejumydu'a}".		se prejumydu'a		se;prenu;jurme;dunda
selru'eca'a	$c_1$ cabra lo'e nu ke'a selpruce kei ku $c_3$	lujvo		.e'u ko tcidu tu'a zo {teryru'eca'a}				se;pruce;cabra
selsau	$x_1$ se slabu $x_2$ fi $x_3$	lujvo						se;slabu
selsi'acau	$x1$ claxu lonu $x2$ sinma $x1$	lujvo						se;sinma;claxu
selsku	$x_1$ se cusku $x_2$ fi $x_3$ fo $x_4$	lujvo		srana fa zo {cusku}				se;cusku
selskudjisku	$x_1$ cusku lo se skudji be $x_1$	lujvo		.i ko zgana zo {skudji}				se;cusku;djica;cusku
selskutidmulbi'o	.i lo ka selskutidmulbi'o cu ka ko'a goi $x_1$ binxo lo ka ce'u mulno lo ka ce'u tcidu lo se cusku be ko'e goi $x_2$ bei ko'i goi $x_3$ bei ko'o goi $x_4$ ko'o kei ko'u goi $x_5$ kei fo'a goi $x_6$	lujvo		.i ro da poi cmima zo {cusku} ce zo {tcidu} ce zo {mulno} ce zo {binxo} zo'u .e'u catlu zo'e ne da		tcidu lo se cusku		se;cusku;tcidu;mulno;binxo
selsmu	$x_1$ se smuni $x_2$ fi $x_3$	lujvo						se;smuni
selsmudu'i	$x_1$ dunli $x_2$ lo ka ce'u ce'u selsmu $x_3$	lujvo		srana fa zo {selsmudukti}				se;smuni;dunli
selsumji	$x_1$ se sumji $x_2$ boi $x_3$ .i $x_1$ te vimcu $x_3$ boi $x_2$ zi'o .i $x_1$ nu'a vu'u $x_2$ boi $x_3$	lujvo		{se} {sumji}; {vimcu}; {vu'u}		selsumji		se;sumji
seltagysipna	.i lo ka ce'u seltagysipna ce'u ce'u ce'u cu ka ce'u goi $x_1$ sipna gi'e se tagji ce'u goi $x_2$ ce'u goi $x_3$ ce'u goi $x_4$	lujvo		.i .e'u ko catlu zo'e pe zo {se} .e zo {tagji} .e zo {sipna}				se;tagji;sipna
selte'abra	$x_1$ barda $x_2$ gi'e se terpa vau $x_3$	lujvo		{se} {terpa} {barda}				se;terpa;barda
selte'i	$x_1$ se steci $x_2$ boi $x_3$ .i ro cmima be $x_3$ poi ckaji $x_2$ cu du $x_1$	lujvo		{se} {steci}		selte'i		se;steci
seltelgau	$x_1$ gasnu lo nu $x_2$ se stela $x_3$ boi $x_4$	lujvo				seltelgau		se;stela;gasnu
seltenfa	$x_1$ se tenfa $x_2$ boi $x_3$ .i $x_1$ nu'a fe'a $x_2$ boi $x_3$	lujvo		{se} {tenfa}; {fe'a}		seltenfa		se;tenfa
seltinynalka'e	$x_1$ na'e kakne le nu se tirna $x_2$ boi $x_3$ kei $x_3$	lujvo		{se} {tirna} {na'e} {kakne}; {selvisnalka'e}		seltinynalka'e		se;tirna;na'e;kakne
selviska'e	$x_1$ kakne lo ka se viska $x_2$	lujvo		{viska}; {kakne}				se;viska;kakne
selvisnalka'e	$x_1$ na'e kakne le nu se viska $x_2$ boi $x_3$ kei $x_3$	lujvo		{se} {viska} {na'e} {kakne}; {nonselji'u}		selvisnalka'e		se;viska;na'e;kakne
semnei	$x_1$ su'ei nelci $x_2$	lujvo		zo {su'ei} .i zo {nelci}				-sem-;nelci
sempa'i	$x_1$ su'ei prami $x_2$	lujvo		zo {su'ei} .i zo {prami}				-sem-;prami
sempe'o	$x_1$ su'ei pendo $x_2$	lujvo		zo {su'ei} .i zo {pendo}				-sem-;pendo
semxei	$x_1$ su'ei xebni $x_2$	lujvo		zo {su'ei} .i zo {xebni}				-sem-;xebni
senki'u	.i lo ka senki'u cu ka ce'u goi $x_1$ krinu lo su'u ce'u xi re goi $x_2$ senpi ce'u xi re goi $x_3$	lujvo		.i .e'u do zgana ge zo'e ne zo {senpi} gi zo'e ne zo {krinu}				senpi;krinu
sepsimyze'a	$x_1$ zenba lo ka ce'u sepsi'u $x_2$ kei $x_3$	lujvo		{sepsi'u}; {zenba}				sepli;simxu;zenba
sepsi'u	$x_1$ simxu lo ka ce'u ce'u sepli $x_2$	lujvo		{sepli}; {simxu}				sepli;simxu
selzau'inda	$x_1$ inda lo ka ce'u se zanru $x_2$	fu'ivla		srana fa zo {inda} jo'u zo {zanru}
senmuki	$x_1$ krici lo du'u lo munje be $x_1$ cu zasti fe po'o lo se senva be $x_2$	fu'ivla		srana fa zo {senva} .e zo {munje} .e zo {krici} .e zo {cevni}		senmuki
se pi'o	fi'o se pilno	cmavo-compound		{pilno}, {pi'o}		sepi'o	BAI*
sevzi	$x_1$ noi prenu cu du $x_2$	gismu	sez;se'i;sevz;sevzi	{prenu}; {du}; {sefsi}
sfasa	$x_1$ gasnu lo nu $x_2$ malfri $x_4$ kei mu'i lo nu $x_2$ zukte $x_3$ noi zekri ja palci ja xlali	gismu	sfa;sfas;sfasa	{gasnu}; {malfri}; {mukti}; {zukte}; {zekri}; {palci}; {xlali}; {cnemu}
siclu	$x_1$ se sance $x_2$ noi brato'a gi'a porsi lo brato'a ta'i mu'a lo nu livbai lo vacri lo moklu lo cmalu kalri noi jalge lo nu jbisimgau lo ctebi .a lo denci	gismu	sil;sicl;siclu	{sance}; {brato'a}; {porsi}; {livbai}; {vacri}; {moklu}; {cmalu}; {kalri}; {jalge}; {jbisimgau}; {ctebi}; {denci}
sidbo	$x_1$ noi mucti cu srana $x_2$ gi'e se pensi $x_3$	gismu	sib;si'o;sidb;sidbo	{mucti}; {srana}; {pensi}; {xanri}; {sucta}
se'u	fa'orma'o zo sei .e zo soi	cmavo		{fa'orma'o}; {sei}; {soi}		se'u	SEhU
se xi xa	tcita lo selbrisle le du'u le pamoi sumti cu simbasti le xamoi sumti	cmavo-compound		lu "ko'a ko'e ko'i ko'o ko'u fo'a fo'e fo'i li'o broda" li'u smudu'i lu "fo'a ko'e ko'i ko'o ko'u ko'a fo'e fo'i li'o sexixa broda" li'u			SE*
sfofa	$x_1$ nilce fi lo ka se zutse za'u prenu .i $x_1$ clani stizu .i $x_1$ se rixpau lo ka'e se vreta be lo zutse	gismu	sfo;sfof;sfofa	{nilce} .i {stizu} .i {zutse}
sidju	$x_1$ dunda ja sabji fi $x_2$ fe lo se nitcu be $x_2$ bei $x_3$ .i $x_1$ gasnu lo nu $x_3$ jdika lo ka nandu $x_2$ kei gi'a zenba lo ka frili $x_2$ .i $x_1$ to'e zunti lo nu $x_2$ ckaji ja zukte $x_3$	gismu	dju;sidj;sidju	{dunda}; {sabji}; {nitcu}; {gasnu}; {jdika}; {nandu}; {zenba}; {frili}; {zunti}; {ckaji}; {zukte}	si'u
si	vimcu le pa li'erla'i valsi	cmavo		{valsi} {vimcu}; {sa}; {su}		si	SI
si'a	tcita le se cusku le du'u la'e ri simsa	cmavo				si'a	UI3b
si'e	galfi lu'e lo namcu lo selbrisle .i $x_1$ pagbu $x_2$ ije le namcu cu frinu le se klani be $x_1$ le se klani be $x_2$	cmavo		{frinu}; {mei}, {moi}, {va'e}		si'e	MOI
sicpi	$x_1$ litki $x_2$ gi'e ba'o lunsa lo vacri gi'e carvi fi lo varsenta	experimental gismu	sicpi	{bratu}, {snime}, {carvi}		sicpi
sezbanzu	le sevzi be $x_1$ cu banzu $x_2$ boi $x_3$ .i $x_1$ na'e nitcu lo'e nu lo drata be vo'a cu sidju vo'a $x_2$ kei $x_2$ va'o $x_3$	lujvo		{sevzi} {banzu}; {se'a}		sezbanzu		sevzi;banzu
sezreispu	$x_1$ te preti $x_2$ zi'o zo'e poi ke'a sevzi $x_1$ ku'o goi ko'a gi'e spuda ko'a zi'o	lujvo		{sevzi} {preti} {spuda}				sevzi;preti;spuda
sezri'u	$x_1$ rinju $x_1$ fi $x_3$ .i $x_1$ zukte lo ka na ckaji $x_2$	lujvo		srana fa zo {rinju}				sevzi;rinju
sezybitygau	$x_1$ gasnu lo nu lo sevzi be vo'a cu birti $x_2$ boi $x_3$	lujvo		{sevzi} {birti} {gasnu}		sezybitygau		sevzi;birti;gasnu
sezyctu	$x_1$ ctuca $x_1$ fi $x_2$ fo $x_3$ fu $x_4$	lujvo		srana fa zo {ctuca}				sevzi;ctuca
sezykaiji'i	$x_1$ kairji'i $x_1$ $x_2$ .i va'i $x_1$ jinvi lo du'u $x_1$ ckaji $x_2$	lujvo						sevzi;ckaji;jinvi
sezyskinoi	$x_1$ notci $x_2$ vo'e $x_3$ .i je $x_2$ skicu vo'a $x_3$ boi $x_1$	lujvo						sevzi;skicu;notci
sezyskivla	$x_1$ valsi $x_2$ $x_3$ gi'e ckaji $x_2$ noi smuni $x_1$	lujvo						sevzi;skicu;valsi
sezyxru	.i ka ce'u goi $x_1$ xruti xy. xi pa ce'u ce'u	lujvo		.i .e'u do catlu zo'e pe zo {sevzi} ge'u .e zo'e pe zo {xruti}.				sevzi;xruti
sfane'u	$n_1$=$s_1$ $n_2$=$s_2$ $n_3$=$s_3$ $n_4$=$s_4$ cnemu gi'e sfasa	lujvo						sfasa;cnemu
sferies	gugde lo sfero lo stuna be lo plusmi be lo berti be lo ropno	obsolete cmevla		{sfero}		sferies
sibykansa	$x_1$ kansa $x_2$ lo nu darlu $x_3$ noi ke'a sidbo $x_4$	lujvo		{sidbo} {kansa}		sibykansa		sidbo;kansa
sicybi'e	$x_1$ brife $x_2$ noi ke'a stici ku'o $x_3$	lujvo		{stici} {brife}		sicybi'e		stici;brife
si'ecna	$c_1$ canpa loi snime	lujvo						snime;canpa
si'erboi	$b_1$=$s_1$ cu bolci loi snime	lujvo						snime;bolci
si'ercalxra	$x_1$=$p_1$ boi pixra $x_2$=$p_2$ $x_3$=$p_3$ lo snime joi $x_4$=$p_4$ noi jadni $p_1$	lujvo						snime;canlu;pixra
si'ercarvi	$c_1$=$s_1$ po'u loi snime cu carvi $c_2$ $c_3$	lujvo						snime;carvi
si'erjoijaucarvi	$c_1$=$s_1$=$d_1$ po'u loi snime joi djacu cu carvi $c_2$ $c_3$	lujvo						snime;joi;djacu;carvi
si'exra	$p_1$=$s_1$ pixra $p_2$ $p_3$ loi snime	lujvo						snime;pixra
sijli'u	$x_1$ litru $x_2$ lo skiji	lujvo						skiji;litru
sijypi'e	$p_1$=$s_3$ plipe $p_2$ $p_3$ $p_4$ $p_5$=$s_1$ po'u lo skiji	lujvo		.e'u ko tdicu tu'a zo {skiji} .e zo {plipe}				skiji;plipe
silnycpina	$x_1$ se vrusi lo ka simsa be lo silna be'o cpina $x_2$	lujvo		{vrusi}; {simsa}; {silna}; {cpina}; {kurki}; {slari}; {titla}; {krumami}				silna;cpina
simbasti	$x_1$ basti $x_2$ boi $x_3$ .ije $x_2$ basti $x_1$ boi $x_3$ .i $x_1$ joi $x_2$ simxu le ka ce'u ce'u basti $x_3$	lujvo		{simxu} {basti}; {basysi'u}		simbasti		simxu;basti
simbasygau	$x_1$ gasnu le nu $x_2$ simbasti $x_3$ boi $x_4$	lujvo		{simbasti} {gasnu}; {canja}		simbasygau		simxu;basti;gasnu
simbe'i	$x_1$ benji $x_2$ .i je $x_3$ simxu lo ka $x_1$ benji $x_2$ ce'u ce'u $x_4$	lujvo		{simxu}; {benji}				simxu;benji
simbi'o	$x_1$ binxo lo ka ce'u simxu $x_2$	lujvo		srana fa zo {binxo} .e zo {simxu}		simbi'o		simxu;binxo
simkarbi	$x_1$ poi'i $x_2$ simxu lo ka ke'a karbi ce'u ce'u	lujvo		srana fa zo {karbi} .e zo {simxu}		simkarbi		simxu;karbi
simklama	$x_1$ jai se simxu $x_2$ fai lo ka ce'u klama ce'u ce'u $x_3$	lujvo		srana fa zo {simxu} .e zo {klama}		simklama		simxu;klama
simsumji	$x_1$ se sujysi'u $x_2$ .i $x_2$ simxu le ka $x_1$ sumji ce'u ce'u	lujvo		{simxu} {sumji}; {sujysi'u}; {snisimsumji}		simsumji		simxu;sumji
sipfli	$x_1$ fliba lo ka sipna (to ta'e ja su'oroi toi)	lujvo						sipna;fliba
siptcu	$x1$ nitcu lonu $x1$ sipna kei $x2$	lujvo						sipna;nitcu
sipydji	$x_1$=$s_1$=$d_1$ djica lo nu vo'a sipna	lujvo						sipna;djica
sipygai	$x1$ gacri lo sipna	lujvo						sipna;gacri
sipyva'u	$x1$ vasxu ca lonu $x1$ sipna	lujvo						sipna;vasxu
sivykarni	ge $x_1$ karni $x_2$ boi $x_3$ gi $x_1$ sivni $x_3$	lujvo						sivni;karni
sivypalku	$x_1$ palku $x_2$ gi'e se gacri fe mu'a lo palku .a lo skaci gi'e sivni ku'u	lujvo		{sivni} {palku}		sivypalku		sivni;palku
skacau	$x_1$ claxu lo ka da skari ce'u $x_2$	lujvo		{skari}; {claxu}				skari;claxu
skaja'o	$x_1$ jarco lo ka ce'u se skari $x_2$	lujvo		srana fa zo {skari} .e zo {jarco}		skaja'o		skari;jarco
skekarni	$x_1$ karni $x_2$ noi saske	lujvo						saske;karni
skeku'a	$x_1$ kumfa gi'e stuzi lo nu tadni $x_2$ noi se saske	lujvo						saske;kumfa
skestu	$x_1$ stuzi lo nu tadni $x_2$ noi se saske	lujvo						saske;stuzi
skogarce'a	$x_4$ noi skori $x_5$ gi'e jorne $x_3$ noi garna $x_4$ $x_6$ ku'o ro lo re jipno be $x_3$ ku'o zo'u $x_1$ ka'e cecla $x_2$ lo pruce be fo loza'i $x_2$ sanli $x_4$ zi'o fa'a $x_3$ kei ku ce loza'i lacpu $x_4$ to'o $x_3$ gi'e tcena polje $x_3$ kei ku ce'o lo se suksa fanmo be ri bei seri'a lo nu $x_3$ joi $x_4$ bikla seri'a lo nu $x_2$ se cecla	lujvo						skori;garna;cecla
skubancu	$x_1$ bancu le jimte be le nunsku le nu $x_2$ cusku $x_3$ boi $x_4$ boi $x_5$ kei le ka cusku	lujvo		{cusku} {bancu}; {sei}; {sa'a}		skubancu		cusku;bancu
skuba'u	$x_1$ bacru $x_3$ xoi nu $x_1$ cusku $x_2$	lujvo		srana fa zo {ba'usku}		skuba'u		cusku;bacru
skudji	$x_1$ djica lo nu $x_1$ cusku $x_2$ boi $x_3$ boi $x_4$	lujvo		{cusku} {djica}		skudji		cusku;djica
skuspu	.i lo ka skuspu cu ka ko'a ko'e ko'i ko'o ko'u ce'ai ko'a goi $x_1$ spuda ko'e goi $x_2$ lo ka ce'u cusku ko'i goi $x_3$ ko'o goi $x_4$ ko'u goi $x_5$	lujvo		.i .e'u do catlu ge zo'e ne zo {cusku} gi zo'e ne zo {spuda}				cusku;spuda
sladu'a	$x_1$ salci fi lo nu vo'a dunda $x_2$ fi $x_3$ kei fe $x_4$	lujvo						salci;dunda
slamycarvi	$c_1$=$s_1$ slami gi'e carvi $c_2$ $c_3$	lujvo						slami;carvi
skicu zei uidje	$u_1$=$s_1$ skicu $s_2$ $s_3$ $s_4$ gi'e uidje $u_2$	zei-lujvo
plai'o	$x_1$ me lo traji be fi lo ckaji be $x_2$ be'o bei fe lo ka lo nu ce'u ckaji $x_2$ cu .inda lo ka se sanji ja te tavla ja se mlauca	fu'ivla		.i srana fa zo {mupli} ji kau zo {muplka} je zo {vajni} je zo {po'o} je zo {ji'a} je zo {pai'o}
plankexe	$x_1 x_2 x_3$ plankexu	fu'ivla		{plankexu}
platana	$x_1$ tricu $x_2$ noi ke'a jutsi la'o lilneia. Platanus .lilneia	fu'ivla		srana fa zo {tricu}		platana
pletaga	$x_1$ ge na nardu'e lo ka ce'u se cinri $x_2$ kei lo nu $x_1$ zukte lo ka ce'u sisku lo ka ce'u cnino $x_1$ gi'e datni $x_2$ gi ku'i banzuka lo ka ce'u se cinri $x_2$ kei lo ka ce'u va'o lo nu rinka ja gasnu fa su'o da poi ke'a drata $x_1$ gi'a na se gasnu $x_1$ ku'o lo nu $x_1$ penmi ja viska ja ganse lo datni be $x_2$ cu jundi gi'e troci lo ka cilre ja jimpe lo datni be $x_2$	fu'ivla		srana fa zo {cinri}		pletaga
pli'ula	$x_1$ cmalu (to nilcla fa li centre bu pi'i so'u toi) gi'e bolci ja caksova se tarmi gi'e ka'e djarunta gi'e poi'i tadji lo ka terfinpli ke'a kei fa lo ka tunlo ke'a kei kei gi'e na'o je nai bi'ai poi'i su'o micyxu'i cu cmima ja menre lo se marji be ke'a	fu'ivla		zo {micyxu'i} .i zo {djarunta} .i zo {tunlo}
po'orno	$x_1$ skina ja pixra ja lisri ja prosa ja larcu lo nu gletu .a lo su'u cinse	fu'ivla
porfedi	$x_1$ se portolfa'o $x_2$ gi'e se porfa'o $x_3$ .i je lo se pormei be $x_2$ cu se sumji lo se poiklo be $x_1$ bei $x_3$ li pa	fu'ivla		zo {portolfa'o} .i zo {porfa'o} .i zo {pormei} .i zo {poiklo}
porkifa'u	ro da poi ro cmima be $x_1$ cu te pormoi ke'a su'oi da'au zo'u: brije'u fa $x_2$ lo porkini be $x_1$ bei lo ka ce'u pormoi da ce'u	fu'ivla		srana fa zo {porsi} je zo {cmima} je zo {porkini} je zo {menkini} je zo .{emnafa'u}
porsere	$x_1$ lo pormei be li pa je te pormoi be li pa bei $x_2$ cu porfedi $x_3$	fu'ivla		zo {pormei} .i zo {pormoi} .i zo {porfedi}
portcelanu	$x_1$ staku zi'o $x_2$ no'u la .portcelan. $x_3$	fu'ivla				portcelanu
pranjidu	$x_1$ dukse lo ka ce'u djica lo nu $x_2$ prane	fu'ivla				pranjidu
pru'ei	$x_1$ prulamdei $x_2$ fi $x_3$	fu'ivla
pu'amxu	ro da ro de zo'u ga nai ge da gi de me $x_1$ gi ge da de su'o di gi de da su'o di cu kai'inmoi $x_2$ lo ka kancusu'o	fu'ivla		so'i zo {simxu} se smuni lo ka pu'amxu .i zo {kai'inmoi} .i zo {pu'amxu}
pu'arno	$x_1$ purci $x_2$ gi'e ca'arno $x_2$	fu'ivla		smudu'i zo {pruda'o} .i srana fa zo {ca'ibni} .e zo {ca'arno} .e zo {pu'ibni} .e zo {ba'ibni} .e zo {ba'arno}		pu'arno
pu'ibni	$x_1$ purci $x_2$ gi'e ca'ibni $x_2$	fu'ivla		smudu'i zo {prujbi} .i srana fa zo {ca'ibni} .e zo {ca'arno} .e zo {pu'arno} .e zo {ba'ibni} .e zo {ba'arno}		pu'ibni
pu'orsaubi	$x_1$ uenzi fe si si te terkemseldumterbau fi $x_2$ noi runbau .i je lo nu finti $x_1$ cu me lo ve farvi be fo lo nu finti $x_2$	fu'ivla		zo {runbau} .i zo {uenzi} .i zo {terkemseldumterbau}
rilpesa	$x_1$ rilpemsa'a $x_2$	fu'ivla		vlakra fa zo {rilpemsa'a} .i ko catlu zo {ra'apxu} ji'a		rilpesa
rinkini	$x_1$ fe $x_2$ rinka ja se rinka ja ckini be fi lo ka da rinka ce'u jo'u ce'u	fu'ivla		srana fa zo {rinka} .e zo {ckini}
rinsita	$x_1$ tamsmi me'o se'e 2665 ju'u 16 (to zo'oi ♥ toi) noi ka'u ta'e sinxa lo risna .a lo su'u prami .a lo cnise'i .a lo su'u jmive	fu'ivla
ro'imxu	ro da ro de zo'u ga nai ge da je de me $x_1$ gi da de drata gi ge da de gi de da ckini $x_2$	fu'ivla		so'i zo {simxu} se smuni lo ka ro'imxu .i zo {pu'amxu}
rolsixu	lo ka $rolsixu$ cu ka ko'a ko'e ko'i ce'ai ge ro lu'a ko'a me'au ko'i su'o lu'a ko'e gi ro lu'a ko'e se me'au ko'i su'o lu'a ko'a	fu'ivla		.i .e'u ko catlu zo'ei zo {me'au} lu'u .e zo'ei zo {ce'ai} .i mu'a lu lo so'imei poi loi so'i kulnu cu rolsixu ke'a lo ka kulnu li'u se fanva fu zoi gy many people of many nations gy		simxu
ro ne'e	sinxa lo namcu poi dubmecrai lo vanbi be fa le se cusku	cmavo-compound					PA*4
rotpaci	$x_1$ mifra $x_2$ la'o gy.ROT-13.gy.	fu'ivla		zo rotpaci mitsmuvla zo {mifnrotpaci}
si'abzu	$x_1$ sipna binxo zukte	fu'ivla		va'i lo si'abzu cu zukte lo ka binxo lo ka sipna
silvusi	$x_1$ se vrusi lo vrusi be lo silna	fu'ivla		zo {silna} .i zo {vrusi}
singeni	$x_1$ lingeni $x_2$ noi mintu lo jai se jdice be ca lo nu vo'a jbena	fu'ivla
si'omdu	$x_1$ sidbo $x_2$ $x_3$ .i va'i $x_1$ $x_3$ si'o me'au $x_2$	fu'ivla
si'onsi	$x_1$ pensi ja finti $x_2$ noi ke'a sidbo	fu'ivla				si'onsi
sipnybzu	$x_1$ zukte fi lo ka co'a sipna	fu'ivla		zo {sipna} .i zo {binxo} .i zo {zukte}
sitlana	$x_1$ grute la'o jutsi Citrullus lanatus jutsi	fu'ivla
skli'iparte	$x_1$ mu'oi gliban. clip art .gliban	fu'ivla				clip art
no'e'u	li no'e'u du li no poi jbini lo nonmau ce lo nonme'a .i zo no'e'u sinxa lo du'u lo nonmau ba'e e lo nonme'a va'o se smuni	experimental cmavo		srana fa zo {no} jo'u zo {no'e} jo'u zo {no'ai}			PA4
po'a	fi'o ponse fe'u	experimental cmavo		.i lu po'a ko'a li'u dunli lu fi'o ponse ko'a li'u lo ka smuni .i mupli fa lu doi la noltrunau fi mi cange po'a la karabas fa lo piro se viska be mi'o li'u .e lu lo xanto cu po'a gunka lo nu bevri lo mudri li'u .i srana zo {po} .e zo {ponse}			BAI
pu'au	nau pu	experimental cmavo		sinxa lo du'u lo nundumu be lo bridi poi vasru zo pu'au cu purci lo nu zo pu'au se cusku		pu'au	CUhE
pu'ei	jorne lo li'erla'i valsi .i je smuni la'e zo pu'i	experimental cmavo		.i va'o lo nu da'i zo pu'i cmavo ma'oi NA gi'e se smuni lo du'u su'o da poi cumki munje zo'u ge lo bridi cu jetnu da gi lo cusku be vo'a cu cmima da kei kei lu JA pu'ei li'u .e lo'u GA pu'ei le'u galfi lo smuni be lo se kuspe be vo'a la'e lu pu'i ku lo se kuspe li'u .i srana lo'u {na}-{nai}, {ka'e}-{lau'i}, {nu'o}-{nu'oi}, {pu'i}-{pu'ei}, {ca'a}-{ca'ai}, {ja'a}-{ja'ai} le'u .e lo modal zei logji pe la kripkes .i mupli fa lu ta se vinji tu noi farlu (ku'o) .i je pu'ei ta mrobi'o li'u noi smudu'i lu ta se vinji tu noi farlu (ku'o) .i je pu'i ku ta mrobi'o li'u			NAI
ra'ai	sitsku lo pa nalsmucme bau lo jbobau sau lo jbobau ke seltidjvesna cu seji'e lo depybu'i	experimental cmavo		simsa zo la'ai poi ku'i pilno lo pa nalsmucme		cmeme	ZO
ro'oi	namcu .i se zilkancu lo mulno .i ka'e se basti su'o re namcu	experimental cmavo		.i lu {ro'oi} {da} li'u du lu {na} {ku} {su'oi} {da} {na} {ku} li'u .i ko karbi zo ro'oi zo {ro}			PA4
sa'ei	.i lebna lo se lidne ke zo zoi zei naljbo ja cmevla .i sinxa lo nu ge ri simsa lo fatci sance gi lo cusku cu troci lo ka bacru ri	experimental cmavo		.i srana zo sance .e zo ci'oi .e zo ki'ai			COI2
si'au	tcita lo se cusku noi la'e ri bridi gi fa'u na bridi ku'o lo du'u la'e ri simlu lo ka ce'u fa'u tu'a ri jetnu kei lo cusku be vo'e	experimental cmavo		{simlu}		si'au	UI2
si'u'i	vimcu lo pa li'erla'i valsi goi ko'a gi'e sinxa lo du'u se xalbo je xanri fa lo nu snuti fa lo nu cusku ko'a	experimental cmavo		krasi fa zo si jo'u zo .u'i			SI
slaka bu	lu slaka bu li'u bu'ivla zoi ly.,.ly.	bu-letteral					BY*
sligu	$x_1$ jdari je tamvi'o marji $x_2$ .i $x_1$ na'e litki je na'e gapci $x_2$	gismu	lig;slig;sligu	{jdari}; {tamvi'o}; {marji}; {litki}; {gapci}
slilu	$x_1$ dikni lo ka ckaji $x_3$ noi rapli la'u $x_2$ noi ni cafne	gismu	sli;slil;slilu	{dikni}; {ckaji}; {rapli}; {cafne}
smadi	$x_1$ jinvi $x_2$ $x_3$ lo na'e banzu	gismu	smad;smadi	{jinvi}; {banzu}
smaji	$x_1$ seltinynalka'e lo'e zvati be $x_2$ ma'i $x_3$ .i $x_1$ se sance no da	gismu	sma;smaj;smaji	{seltinynalka'e}, {sance}		smaji
smani	$x_1$ mabru $x_2$ noi jutsi la'o lazgunma Primates lazgunma ku'o gi'e na'o na'e remna	gismu	sman;smani	{mabru}; {jutsi}; {remna}
smuni	$x_1$ se sinxa $x_2$ $x_3$ .i $x_1$ noi na'e bangu cu se krati $x_2$ noi se cusku ku'o lo ka te jimpe fi $x_3$	gismu	mun;smu;smun;smuni	{sinxa}; {bangu}; {krati}; {cusku}; {jimpe}
snada	$x_1$ mulzu'e $x_2$ noi se troci $x_1$ .i $x_1$ to'e fliba $x_2$	gismu	sad;snad;snada	{mulzu'e}; {troci}; {fliba}
snanu	$x_1$ pritu $x_2$ lo solnuntolcanci noi stuna .i $x_1$ to'e berti $x_2$	gismu	nan;snan;snanu	{pritu} .i {berti} .i {stuna} .i {stici} .i {farna} .i {solnuntolcanci}
snidu	$x_1$ klani $x_2$ lo ka lo xo kau boi fi'u xa no si'e be lo mentu cu ditcu ke'a .i $x_1$ klani $x_2$ lo sornai rauci'e ni ditcu	gismu	nid;snid;snidu	{klani}; {mentu}; {ditcu}; {sornai}; {rauci'e}
snime	$x_1$ ranti bisli lo djacu gi'e ba'o ja ca'o carvi	gismu	si'e;snim;snime	{ranti}; {bisli}; {djacu}; {carvi}; {bratu}
snura	$x_1$ se marbi ja se bandu fi $x_2$ ja'e lo nu na lakne fa lo nu $x_1$ ba se xrani $x_2$ .i $x_1$ ka'e je nai ca'a se ckape $x_2$	gismu	nur;nu'a;snur;snura	{marbi}; {bandu}; {xrani}; {ckape}
snuti	$x_1$ to'e se zukte $x_2$ zi'o zi'o	gismu	nut;snut;snuti	{zukte}; {cunso}		snuti
sobde	$x_1$ dembi ja spati $x_2$ noi jutsi la'o jutsi Glycine max jutsi	gismu	sob;so'e;sobd;sobde	{dembi}; {spati}; {jutsi}
sodna	$x_1$ jilka je jinme cmuxu'i	gismu	sodn;sodna	{jilka}; {jinme}; {cmuxu'i}
sodva	$x_1$ tabrelkijno ricfu selpinxe gi'e se vrusi $x_2$	gismu	sod;sodv;sodva	{tabrelkijno}, {ricfu}; {selpinxe}; {vrusi}
softo	$x_1$ ckini lo kulnu ja bangu ja cecmu ja natmi pe la rusko balgu'e .a la'o ry. Советский Союз .ry .a la'o ry. Содружество Независимых Государств .ry. $x_2$	gismu	sof;soft;softo	{rusko} .i {vukro} .i {slovo}
solji	$x_1$ se vamji je pelxu je ranti jinme cmuxu'i gi'e se sinxa zo'oi Au	gismu	slo;solj;solji	{vamji}; {pelxu}; {ranti}; {jinme}; {cmuxu'i}; {sinxa}
solri	$x_1$ tarci gi'e se plini $x_2$ noi na'o terdi	gismu	sol;solr;solri	{tarci}; {plini}; {terdi}
sombo	$x_1$ punji $x_2$ noi tsiju ku'o $x_3$ noi tumla ja dertu ku'o te zu'e lo nu $x_2$ banro	gismu	som;so'o;somb;sombo	{punji}; {tsiju}; {tumla}; {dertu}; {banro}
sonci	$x_1$ cmima $x_2$ noi jenmi	gismu	son;soi;sonc;sonci	{jenmi} .i {cmima}
sorcu	$x_1$ gunma $x_2$ noi denpa lo ka se pilno kei lo ka se vasru ja zvati $x_3$	gismu	soc;sro;sorc;sorcu	{gunma}; {denpa}; {pilno}; {vasru}; {zvati}
sorgu	$x_1$ gurni ja spati $x_2$ noi jutsi la'o jutsi Sorghum bicolor jutsi	gismu	sog;sorg;sorgu	{gurni}; {spati}; {jutsi}
spaji	$x_1$ fasnu gi'e na se kanpe $x_2$	gismu	paj;spaj;spaji	srana fa zo {kanpe} .e zo {suksa} .e zo {bredi} .e zo {jenca} .e zo {manci} .e zo {ue}		spaji
spali	$x_1$ gasnu lo nu $x_2$ xutla je carmi kei ta'i lo nu $x_1$ punji je mosra $x_3$ $x_2$	gismu	spal;spali	{gasnu}; {xutla}; {carmi}; {punji}; {mosra}
spano	$x_1$ ckini lo kulnu ja bangu ja cecmu ja natmi pe lo bansupu'a ja gugde'esu $x_2$	gismu	san;span;spano	{kulnu}; {bangu}; {cecmu}; {natmi}; {bansupu'a}; {ropno}; {xispo}; {mexno}; {gento}
spati	$x_1$ jmive gi'e cmima $x_2$ noi jutsi la'o jutsi Plantae jutsi	gismu	spa;spat;spati
speni	$x_1$ jorne $x_2$ lo ka se lanzu kei se ja'e $x_3$ noi tcaci ja flalu	gismu	spe;spen;speni	{jorne}; {lanzu}; {tcaci}; {flalu}
spisa	$x_1$ pagbu $x_2$ gi'e simsa lo drata pagbu be $x_2$	gismu	spi;spis;spisa	{pagbu}; {simsa}; {drata}
spita	$x_1$ dinju ja stuzi lo nu mikce $x_2$ boi $x_3$	gismu	spit;spita	srana fa zo {bilma} .e zo {xrani} .e zo {mrobi'o}		spita
spofu	$x_1$ na ka'e akti $x_2$	gismu	pof;po'u;spof;spofu
spoja	$x_1$ vlile je cladu suksa lo ka porpi $x_2$	gismu	poj;po'a;spoj;spoja	{vlile}; {cladu}; {suksa}; {porpi}; {cecla}; {jakne}; {jbama}
spuda	$x_1$ frati fi $x_2$ fe lo ka zukte $x_3$	gismu	spu;spud;spuda	{frati}; {zukte}
sputu	$x_1$ livgau $x_2$ noi na'o litki se cigla lo moklu	gismu	put;pu'u;sput;sputu	{livgau}; {litki}; {cigla}; {moklu}
sraji	$x_1$ se vasru lo plita poi salpo lo radno be li pai fi'u re $x_2$ noi na'o mu'a sefta lo terdi	gismu	raj;sraj;sraji	{vasru}; {plita}; {salpo}; {radno}; {sefta}; {terdi}; {pinta}
sralo	$x_1$ ckini lo kulnu ja bangu ja cecmu ja natmi pe lo gugde'a'u $x_2$	gismu	sral;sralo	{kulnu}; {bangu}; {cecmu}; {natmi}; {gugde'a'u}; {polno}; {glico}
srana	$x_1$ sruri ja jibni $x_2$ lo ka se pensi .i $x_1$ datni ja sidbo ja lisri ja velski ja velcki ja nuzba ja notci ja pixra ja skina ja draci ja cfika ja prosa ja pemci li'o $x_2$ .i $x_1$ se djuno ja se krici ja se jinvi ja se jijnu ja se sruma ja se smadi ja se facki ja se jimpe ja se cilre li'o fi $x_2$	gismu	ra'a;sran;srana	{sruri}; {jibni}; {pensi}; {datni}; {sidbo}; {lisri}; {velski}; {velcki}; {nuzba}; {notci}; {pixra}; {skina}; {draci}; {cfika}; {prosa}; {pemci}; {djuno};{krici}; {jinvi}; {jijnu}; {sruma}; {smadi}; {facki}; {jimpe}; {cilre}	ra'a
srera	$x_1$ na'e drani lo ka zukte ja ckaji $x_2$	gismu	sre;srer;srera	{drani}; {zukte}; {ckaji}
srito	$x_1$ ckini lo kulnu ja bangu ja cecmu ja natmi pe lo bansu'anu $x_2$	gismu	srit;srito	{kulnu}; {bangu}; {cecmu}; {natmi}; {bansu'anu}; {xazdo}; {xindo}
sruma	$x_1$ pensi se cau lo jicmu lo du'u $x_2$ noi srana $x_3$ cu jetnu kei te zu'e lo mu'a ka lanli lo du'u $x_2$ nibli ma kau	gismu	ru'a;srum;sruma	{pensi}; {jicmu}; {srana}; {jetnu}; {lanli}; {nibli}
sruri	$x_1$ vi'a se nenri $x_2$ fi'o plita $x_3$	gismu	rur;sru;srur;sruri	{karli} .i {senta} .i {snuji} .i {vanbi} .i se {nenri} .i se {jbini} .i {bartu} .i {djine}
stace	$x_1$ na jifsku fi $x_2$ gi'e na zukte fi lo tcica be $x_2$ bei lo ka ce'u jinvi ja krici lo jitfa $x_3$ noi ke'a jetnu .i $x_1$ to'e mipri fi $x_2$ fe $x_3$	gismu	sac;stac;stace	srana fa zo {tcica} .e zo {jetnu} .e zo {jitfa} .e zo {mipri}		stace
stagi	$x_1$ cidja gi'e me $x_2$ noi pagbu $x_3$ noi spati	gismu	stag;stagi	{cidja} .i {grute} .i {kobli} .i {narge} .i {sluni} .i {spati} .i {sunga} .i {tamca}
staku	$x_1$ ne fi'e $x_2$ marji $x_3$ noi su'o ke'a kliti gi'e se jargau sepi'o mu'a lo tokni ku'o $x_4$	gismu	tak;stak;staku
stali	$x_1$ boi $x_2$ zvati gi'enai cliva	gismu	sta;stal;stali
stani	$x_1$ ralju sarji pagbu $x_2$ noi spati	gismu	stan;stani	{ralju}; {sarji}; {pagbu}; {spati}
stapa	$x_1$ gasnu lo nu $x_2$ noi sefta cu se cpana $x_3$ noi jamfu $x_1$	gismu	tap;stap;stapa	{gasnu}; {sefta}; {cpana}; {jamfu}; {cadzu}; {bajra}; {dansu}
stati	$x_1$ se jinzi lo ka certu $x_2$	gismu	stat;stati	{jinzi}; {certu}
steci	ge $x_2$ me $x_3$ gi ge ro me $x_2$ ckaji $x_1$ gi no da poi me $x_3$ gi'e na me $x_2$ cu ckaji $x_1$	gismu	tec;te'i;stec;steci
stedu	$x_1$ pagbu lo xadni be $x_2$ gi'e jorne lo cutne lo cnebo gi'e vasru lo besna jo'u lo kanla jo'u lo kerlo jo'u lo nazbi jo'u lo moklu	gismu	sed;sted;stedu	{pagbu}; {xadni}; {jorne}; {cutne}; {cnebo}; {vasru}; {besna}; {kanla}; {kerlo}; {nazbi}; {moklu}
stela	$x_1$ cabra lo ka stogau $x_2$ noi vorme ja gacri ja dacru ja vautci li'o ku'o lo ka ganlo kei ma'i $x_3$	gismu	tel;stel;stela	{cabra}; {stogau}; {vorme}; {gacri}; {dacru}; {vautci}; {ganlo}; {ckiku}
stici	$x_1$ zunle $x_2$ lo berti .i $x_1$ farna lo solnuncanci $x_2$ .i $x_1$ to'e stuna $x_2$	gismu	sic;stic;stici	{zunle} .i {berti} .i {snanu} .i {stuna} .i {farna} .i {solnuncanci}
stidi	$x_1$ friti $x_2$ noi sidbo lo ka zukte ma kau ku'o $x_3$	gismu	sid;ti'i;stid;stidi	{friti}; {sidbo}; {zukte}; {tcica}; {xlura}	ti'i
stika	$x_1$ gasnu lo nu $x_2$ cenba fi $x_3$	gismu	tik;stik;stika
stizu	$x_1$ tutci lo ka zutse ce'u i $x_1$ ka'e pagbu lo nilce	gismu	tiz;stiz;stizu			stizu
stodi	$x_1$ na'e cenba $x_2$	gismu	sto;stod;stodi	{vitno} .i {zasni} .i {cenba} .i {zenba} .i {jdika} .i {binxo} .i {galfi} .i {stika}
stuna	$x_1$ pritu $x_2$ lo berti .i $x_1$ farna lo solnuntolcanci $x_2$ .i $x_1$ to'e stici $x_2$	gismu	sun;stun;stuna	{pritu} .i {berti} .i {snanu} .i {stici} .i {farna} .i {solnuntolcanci}
stura	$x_1$ gunma $x_2$ gi'e morna ja te ganzu ja te zbasu $x_2$	gismu	tur;su'a;stur;stura	{gunma}; {morna}; {ganzu}; {zbasu}; {ciste}; {greku}
stuzi	$x_1$ vitno lo ka $x_2$ zvati ce'u	gismu	tuz;stu;stuz;stuzi		tu'i	stuzi
sucta	$x_1$ krati $x_2$ lo ka se pensi kei gi'e ckaji lo ralju be lo se ckaji be $x_2$ be'o be'o .u lo tcila be $x_2$	gismu	suc;suct;sucta	{krati}; {pensi}; {ckaji}; {ralju}; {tcila}
sudga	$x_1$ claxu $x_2$ noi litki .i $x_1$ to'e cilmo $x_2$	gismu	sud;sudg;sudga	{claxu}; {litki}; {cilmo}
sufti	$x_1$ bongu calku lo jamfu be $x_2$ noi mu'a xirma ja xasli ja bakni ja lanme ja kanba ja mirli ja kumte ja djirafa	gismu	sfu;suft;sufti	{bongu}; {calku}; {jamfu}; {xirma}; {xasli}; {bakni}; {lanme}; {kanba}; {mirli}; {kumte}; {djirafa}
sumji	$x_1$ ve jmina $x_2$ boi $x_3$ zi'o .i $x_1$ nu'a su'i $x_2$ boi $x_3$	gismu	suj;sumj;sumji	{jmina}; {su'i}		sumji
sumne	$x_1$ ganse $x_2$ lo'e nazbi be $x_1$	gismu	sumn;sumne	{nazbi} {ganse}
sumti	$x_1$ lo terbrisni be $x_2$ cu cmima gi'e me $x_3$ moi	gismu	sum;su'i;sumt;sumti	i $x_1$ e $x_2$ sinxa i $x_3$ namcu gi'a jarco lo ka se cuntu lo bridi i srana zo {terbrisni} e zo {selbrisni} e zo {brisni} e zo {terbri} e zo {selbri} e zo {bridi}
surla	$x_1$ zukte ja ckaji $x_2$ ja'e lo nu na'e tatpi .i $x_1$ to'e dunku $x_2$	gismu	sur;surl;surla	{zukte}; {ckaji}; {tatpi}; {dunku}; {cando}
sutra	lo nu $x_1$ mulbi'o $x_2$ cu se ditcu lo cmalu .i $x_1$ to'e masno $x_2$	gismu	sut;sutr;sutra	{mulbi'o}; {ditcu}; {cmalu}; {masno}
tabno	$x_1$ marji lo ratni be li 6	gismu	tab;tabn;tabno
tabra	$x_1$ lastu ke brife zgitci	gismu	tabr;tabra	{lastu}; {brife}; {zgitci}
tadji	$x_1$ ve pruce fi $x_2$	gismu	tadj;tadji	{pruce}	ta'i
tadni	$x_1$ pilno lo menli be $x_1$ lo nu $x_1$ cilre fi $x_2$	gismu	tad;tadn;tadni	{pilno}; {menli}; {cilre}
tagji	$x_1$ mutce lo ka mapti $x_2$ $x_3$ kei ja'e lo nu $x_1$ danre $x_2$ gi'a rinju gi'a na jai frili fai lo ka se muvgau .i $x_1$ to'e kluza $x_2$ $x_3$	gismu	tag;tagj;tagji	{mutce}; {mapti}; {danre}; {rinju}; {frili}; {muvgau}; {kluza}
talsa	$x_1$ jungau $x_2$ lo du'u vo'a djica lo nu vo'e jarco lo ka snada $x_3$	gismu	tal;tals;talsa	{jinga} .i {damba} .i {darlu} .i {jivna} .i {nandu}
tamji	$x_1$ rotsu je nermla degji be $x_2$	gismu	taj;tamj;tamji	{rotsu}; {nermla}; {degji}
tamne	$x_1$ dunli $x_2$ lo ka makau lanzu ce'u $x_3$ kei e lo ka ce'u cmima lo mokau rorlei i $x_1$ no'e tunba $x_2$	gismu	tamn;tamne			tamne
tanbo	$x_1$ clani je plita je kurfa marji $x_2$	gismu	ta'o;tanb;tanbo	{clani}; {plita}; {kurfa}; {marji}
tance	$x_1$ loldi lo moklu be $x_2$ gi'e rango $x_2$ lo nu citka .e lo nu vusyga'e .e lo nu bacru	gismu	tac;tanc;tance	{loldi}; {moklu}; {rango}; {citka}; {vusyga'e}; {bacru}
tanjo	$x_1$ parbi lo rajyjudri be ko'a lo pinjudri be ko'a noi se vasru lo cukla poi se midju lo se jganu be $x_2$ bei lo tersei be ko'a bei lo pinta manri	gismu	tanj;tanjo	{parbi}; {rajyjudri}; {pinjudri}; {vasru}; {cukla}; {midju}; {jganu}; {tersei}; {pinta}; {manri}
tanru	$x_1$ gunma $x_2$ ce'o $x_3$ vu'o noi ro lo re ke'a se smuni lo selbri ku'o gi'e se smuni lo selbri poi jalge lo nu $x_2$ stika $x_3$	gismu	tau;tanr;tanru	{gunma}; {smuni}; {selbri}; {jalge}; {stika}
tansi	$x_1$ caxno vautci $x_2$ gi'e marji $x_3$	gismu	tas;tans;tansi	{caxno}; {vautci}; {marji}
tanxe	$x_1$ vautci $x_2$ gi'e marji $x_3$ gi'e na'o kurfa gi'e na'o se gacri	gismu	tax;ta'e;tanx;tanxe	{vautci}; {marji}; {kurfa}; {gacri}
tarci	$x_1$ se kensa gi'e te gusni gi'e se steci $x_2$	gismu	tar;tarc;tarci	{kensa} .i {gusni} .i {steci}
tarmi	$x_1$ sucta lo morna be lo jvinu be $x_2$	gismu	tam;tai;tarm;tarmi	{sucta}; {morna}; {jvinu}
tarti	$x_1$ zukte $x_2$ noi tcaci ja tadji	gismu	tra;tart;tarti	{zukte}; {tcaci}; {tadji}
taske	$x_1$ djica ja nitcu $x_2$ noi litki ku'o lo ka pinxe $x_2$	gismu	task;taske	{djica}; {nitcu}; {litki}; {pinxe}; {xagji}
tatpi	$x_1$ claxu lo nejni .a lo ka tsali kei ja'e lo ka zukte ja gunka ja tarti $x_2$	gismu	ta'i;tatp;tatpi	{claxu}; {nejni}; {tsali}; {zukte}; {gunka}; {tarti}
tatru	$x_1$ xadypau $x_2$ gi'e punli gi'e ranti gi'e se pagbu lo cigla be lo ladru	gismu	tat;tatr;tatru	{ladru} .i {mabru}
tavla	$x_1$ cusku fi $x_2$ fe lo srana be $x_3$	gismu	tav;ta'a;tavl;tavla	{cusku}; {srana}; {casnu}; {bacru}
taxfu	$x_1$ zilfi'i lo ka su'o da pilno ce'u lo ka ce'u gacri su'o de poi ke'a da xadypau gi'e ckini $x_2$	gismu	taf;ta'u;taxf;taxfu	srana fa zo {gacri} .e zo {dasni} .e zo {bukpu}
tcaci	$x_1$ se tarti $x_2$ gi'e cafne ja dikni	gismu	cac;tcac;tcaci	{tarti}; {cafne}; {dikni}
tcadu	$x_1$ tumla $x_2$ gi'e te denmi lo ka se xabju kei $x_2$ .i $x_1$ to'e nurma $x_2$	gismu	tca;tcad;tcadu	{tumla}; {denmi}; {xabju}; {nurma}; {jarbu};
tcana	$x_1$ se jonsi'u lo pagbu be $x_2$ noi ciste be fi mu'a lo ka te marce ja xe bevri ja ve cusku	gismu	tcan;tcana	{jonsi'u}; {pagbu}; {ciste}; {marce}; {bevri}; {cusku}
tcati	$x_1$ litki gi'e se jukpa fi lo ka gasnu lo nu lo pezli be $x_2$ cu jinru lo djacu	gismu	tcat;tcati	{litki}; {jukpa}; {gasnu}; {pezli}; {jinru}; {djacu}; {ckafi}
tcena	$x_1$ pruni gi'e preja $x_2$ noi trati ku'o $x_3$ noi to'e trati	gismu	ten;tcen;tcena	{pruni}; {preja}; {trati}
tcica	$x_1$ gasnu ja se jalge lo nu $x_2$ zukte ja ckaji $x_3$ noi se srera ja na'e se djica $x_2$	gismu	tic;tcic;tcica	{gasnu}; {jalge}; {zukte}; {ckaji}; {srera}; {djica}; {xlura}; {stidi}; {kajde}; {stace}
tcidu	$x_1$ zgana $x_2$ noi te bangu ja sinxa gi'e zvati $x_2$ ku'o te zu'e lo ka jimpe lo du'u ma kau smuni $x_2$	gismu	tid;tcid;tcidu	{zgana}; {bangu}; {sinxa}; {zvati}; {jimpe}; {smuni}; {ciska}; {cukta}; {karni}
tcika	$x_1$ noi cacra jo'u mentu jo'u snidu sinxa cu judri $x_2$ noi fasnu kei $x_3$	gismu	tcik;tcika	{cacra}; {mentu}; {snidu}; {sinxa}; {judri}; {fasnu}; {detri}	ti'u
tcila	$x_1$ cmalu pagbu $x_2$	gismu	til;tcil;tcila	{cmalu}; {pagbu}
tcima	$x_1$ brife ja glare ja lenku ja dilnu ja bumru ja carvi ja bratu ja snime ja cilmo ja lindi ja danre tcini lo vacri be $x_2$	gismu	tim;ti'a;tcim;tcima	{brife}; {glare}; {lenku}; {dilnu}; {bumru}; {carvi}; {bratu}; {snime}; {cilmo}; {lindi}; {danre}; {tcini}; {vacri}
tcini	$x_1$ se ckaji $x_2$ se ja'e lo vanbi be $x_1$ .i $x_1$ to'e jinzi $x_2$	gismu	tcin;tcini	{ckaji}; {vanbi}; {jinzi}
tcita	$x_1$ sinxa lo nu $x_2$ se datni $x_3$ kei gi'e na'o jorne $x_2$	gismu	tcit;tcita	{sinxa}; {datni}; {jorne}
temci	$x_1$ ni $x_2$ cabda'o $x_3$	gismu	tem;tei;temc;temci	srana fa zo {cabda'o} .e zo {klani}
tenfa	$x_1$ jalge le nu le nu pilji $x_2$ cu rapli $x_3$ .i $x_1$ nu'a te'a $x_2$ boi $x_3$	gismu	tef;tenf;tenfa	{pilji} {rapli}; {te'a}		tenfa
tengu	$x_1$ se krasi $x_2$ gi'e ka'e se pencu	gismu	teg;te'u;teng;tengu	{pencu}; {jvinu}; {sance}; {panci}; {vrusi}
terdi	$x_1$ plini gi'e zdani $x_2$ .i $x_1$ ci moi lo plini be lo solri lo ni darno lo solri kei gi'e zdani lo remna	gismu	ted;terd;terdi	{plini}; {zdani}; {solri}; {remna}
terpa	$x_1$ cinmo lo ka mutce lo ka dunku ja xanka $x_2$ noi fatci ja xanri ckape	gismu	tep;te'a;terp;terpa	{cinmo}; {mutce}; {dunku}; {xanka}; {fatci}; {xanri}; {ckape}
terto	$x_1$ klani li gei pa re $x_2$	gismu	tet;tert;terto	{klani}; {centi}; {decti}; {dekto}; {femti}; {gigdo}; {gocti}; {gotro}; {gradu}; {kilto}; {megdo}; {mikri}; {milti}; {nanvi}; {petso}; {picti}; {xatsi}; {xecto}; {xexso}; {zepti}; {zetro}
tigni	$x_1$ zukte $x_2$ lo nu $x_3$ zgana $x_2$	gismu	tig;tign;tigni	{zukte}; {zgana}; {jarco}
tikpa	$x_1$ darxi $x_2$ fo $x_3$ fi $x_4$ noi jamfu $x_1$	gismu	tip;tikp;tikpa
tinci	$x_1$ ranti jinme cmuxu'i gi'e runme va'o lo glare milxe gi'e simsa lo rijno lo ka skari je gusycai gi'e se sinxa zo'oi Sn	gismu	tinc;tinci	{ranti}; {jinme}; {cmuxu'i}; {runme}; {glare}; {milxe}; {simsa}; {rijno}; {skari}; {gusycai}; {sinxa}
tirna	$x_1$ ganse $x_2$ lo'e kerlo be $x_1$ boi $x_3$	gismu	tin;tirn;tirna	{kerlo} {ganse}
tirxu	$x_1$ bramlatu $x_2$ noi jutsi la'o jutsi Panthera tigris jutsi gi'e se krasi xadzo gi'e burpelxu gi'e se sriba'a lo xekri	gismu	tirx;tirxu	{bramlatu}; {burpelxu}; {sriba'a}; {xekri}; {mlatu}; {cinfo}
tisna	$x_1$ binxo lo culno be $x_2$ .i $x_1$ clubi'o $x_2$	gismu	tis;tisn;tisna	{culno} .i {binxo} .i {clubi'o}
titla	$x_1$ se vrusi lo ka simsa lo sakta fi'o ganse $x_2$	gismu	tit;titl;titla	{vrusi}; {simsa}; {sakta}; {ganse}; {kurki}; {slari}; {silnycpina}; {krumami}
tivni	$x_1$ benji $x_2$ noi skina ja se tigni ku'o fu $x_3$ fi $x_4$ noi cabra lo ka cpacu	gismu	tiv;tivn;tivni	{benji}; {skina}; {tigni}; {cabra}; {cpacu}; {cradi}
tixnu	$x_1$ fetsi gi'e se rirni $x_2$	gismu	tix;ti'u;tixn;tixnu			tixnu
tordu	$x_1$ cmalu $x_2$ noi brarai cimde $x_1$ ku'o $x_3$	gismu	tor;to'u;tord;tordu			tordu
traji	ge $x_1$ me $x_3$ gi'e ckini da $x_2$ gi no $x_3$ zmadu $x_1$ fi $x_2$	gismu	rai;traj;traji	srana fa zo {dubrai} .e zo {tolrai}	rai
trene	$x_1$ porsi $x_2$ noi carce ku'o gi'e se garna $x_3$ gi'e marce fo $x_4$	gismu	ren;re'e;tren;trene	{porsi}; {carce}; {garna}; {marce}
tricu	$x_1$ spati $x_2$ gi'e se stani lo ralju je mudri gi'e se jimca lo galtu be lo loldi	gismu	ric;tric;tricu	{spati}; {stani}; {ralju}; {mudri}; {jimca}; {galtu}; {loldi}; {cindu}; {ckunu}; {palma}
trina	lo nu $x_1$ ckaji $x_3$ cu danre $x_2$ fa'a $x_1$ gi'a rinka lo nu $x_2$ muvdu $x_1$ gi'a djica lo ka jbize'a $x_1$	gismu	tri;trin;trina	{ckaji}; {danre}; {rinka}; {muvdu}; {djica}; {jbize'a}
troci	$x_1$ zukte $x_3$ lo nu $x_1$ ckaji $x_2$ noi na'e frili $x_1$	gismu	toc;toi;troc;troci	srana fa zo {zukte} .e zo {snada} .e zo {fliba}
tsali	$x_1$ ckaji $x_2$ gi'e ja'e bo kakne lo ka cupra ja renvi lo carmi bapli .i $x_1$ to'e ruble $x_2$	gismu	tsa;tsal;tsali	{ckaji}; {kakne}; {cupra}; {renvi}; {carmi}; {bapli}; {ruble}
tsani	$x_1$ galtu pagbu lo varxamsi	gismu	tan;tsan;tsani	srana fa zo {varxamsi} .e zo {vacri}
tsapi	$x_1$ se jmina fi lo cidja te zu'e lo ka gasnu lo nu cy se vrusi $x_2$	gismu	tsap;tsapi	{jmina}; {cidja}; {gasnu}; {vrusi}
tsina	$x_1$ galtu loldi gi'e se stuzi $x_2$ gi'e sarji $x_3$ gi'e marji $x_4$	gismu	sin;tsin;tsina	{galtu}; {loldi}; {stuzi}; {sarji}; {marji}
tugni	$x_1$ dunli $x_2$ lo ka ce'u jinvi ce'u $x_3$ da	gismu	tug;tu'i;tugn;tugni	srana fa zo {jinvi} .e zo {dunli}
tunba	$x_1$ dunli $x_2$ boi $x_3$ noi ka makau rirni ce'u kei gi'a ka ce'u panzi makau kei gi'a simsa	gismu	tub;tunb;tunba			tunba
tunka	$x_1$ ranti jinme cmuxu'i gi'e xunre bunre gi'e se pilno fi lo ka se dikca .e lo ka pagbu lo lastu .a lo ransu kei gi'e se sinxa zo'oi Cu	gismu	tuk;tunk;tunka	{ranti}; {jinme}; {cmuxu'i}; {xunre}; {bunre}; {pilno}; {dikca}; {lastu}; {ransu}; {sinxa}
tunlo	$x_1$ gasnu lo nu $x_2$ pagre lo galxe be $x_1$ lo stomaxu be $x_1$	gismu	tul;tu'o;tunl;tunlo	{gasnu}; {pagre}; {galxe}; {stomaxu}
tunta	lo jipno be $x_1$ cu danre $x_2$	gismu	tun;tunt;tunta
tuple	$x_1$ pagbu lo xadni be $x_2$ gi'e sarji je muvgau $x_2$	gismu	tup;tu'e;tupl;tuple	{pagbu}; {xadni}; {sarji}; {muvgau}
turni	$x1$ catni je jitro $x_2$	gismu	tru;turn;turni	{catni}; {jitro}
tutci	$x_1$ rutni gi'e ba'o se finti fi lo ka se pilno fi $x_2$	gismu	tci;tutc;tutci	{rutni}; {finti}; {pilno}; {cabra}; {minji}
so	namcu .i sumji li bi li pa .i se li'erla'i li bi lei kancu namcu	cmavo	soz			9;so	PA1
so'a	namcu .i se zilkancu lo muljbi	cmavo	soj	{namcu}; {muljbi} {zilkancu}		so'a	PA
so'e	namcu .i se zilkancu lo xabmau	cmavo	sop	{namcu}; {xabmau} {zilkancu}		so'e	PA
so'i	namcu .i se zilkancu lo mutce	cmavo	sor;so'i	{namcu}; {mutce} {zilkancu}		so'i	PA
soi	tcita lo selsku le du'u sinxa le du'u lei re se li'erla'i sumti cu simxu la'e le selsku	cmavo		{simxu}		soi	SOI
so'o	namcu .i se zilkancu lo milxe	cmavo	sos	{namcu}; {milxe} {zilkancu}		so'o	PA
so'u	namcu .i se zilkancu lo toltce	cmavo	sot	{namcu}; {toltce} {zilkancu}		so'u	PA
su	vimcu piro le ba'o se cusku .i cnino casnu gi'a za'ure'u co'a casnu	cmavo		{selsnu} {vimcu}; {si}; {su}		su	SU
su'a	tcita le se cusku le du'u la'e ri sucta	cmavo		{sucta}		su'a	UI2
su'e	namcu .i mecyjavdu'i li pa .a le se li'erla'i namcu	cmavo	sup;su'e	{namcu}; {mecyjavdu'i}		su'e	PA
su'i	mekfancu .i li abu su'i by du le sumji be abu bei by	cmavo		{mekfancu}; {sumji}		su'i	VUhU1
su'o	namcu .i zmajavdu'i li pa .a le se li'erla'i namcu	cmavo	suz;su'o	{namcu}; {zmajavdu'i}		su'o	PA
su'u	galfi lu'e lo bridi lo selbrisle .i $x_1$ sucta le bridi $x_2$	cmavo	suv	{sucta}		su'u	NU
sy	pazemoi lerfu le lojbo	cmavo		{lerfu}		S;sy	BY2
ta	lo se jarco be le cusku be'o noi jibni le te cusku	cmavo	taz	{ti}, {tu}		ta	KOhA6
ta'a	tcita lo cmene ja ve skicu le du'u sinxa le du'u makau te cusku .e le du'u le cusku cu zunti le te cusku le ka ce'u tavla	cmavo		{doi}; {tavla} {zunti}		ta'a	COI
ta'e	fi'o jai ve'a tcaci	cmavo		{tcaci}		ta'e	TAhE
ta'i	fi'o {tadji}	cmavo		{tadji}		ta'i	BAI
tai	fi'o {tamsmi}	cmavo		{tamsmi}		tai	BAI
ta'o	tcita le se cusku le du'u la'e ri no'e srana pinka	cmavo				ta'o	UI3
ta'u	tcita le se cusku le du'u ri se preja fi lo tanru	cmavo		{tanru} {preja}		ta'u	UI3a
tau	tcita le pa se li'erla'i lerfu le du'u ri cenba le ka ce'u barda je'ikau cmalu se tarmi	cmavo		{lerfu} {tarmi} {cenba}; {ga'e}, {ta'o}		tau	LAU
te	tcita lo selbrisle le du'u le pamoi sumti cu simbasti le cimoi sumti	cmavo	ter	{se}, {ve}, {xe}, {jai}		te	SE
te'a	mekfancu .i li abu te'a by du le tenfa be abu bei by	cmavo		{mekfancu}; {tenfa}		te'a	VUhU2
te'e	fi'o se koizva	cmavo		{koizva}; {sekoi}		te'e	FAhA3
tei	krasi lo lerfu porsi noi se fanmo zo foi	cmavo		{lerfu} {porsi} {krasi}; {foi}		tei	TEI
te'o	namcu .i rarna terdugri ja seltenfa .i jbidu'o li repizepabirebi	cmavo		{namcu}; {rardugri}, {rartenfa}		te'o	PA
te'u	fa'orma'o zo ma'o .e zo na'u .e zo ni'e .e zo mo'e .e zo jo'i	cmavo		{fa'orma'o}; {jo'i}; {ma'o}; {mo'e}; {na'u}; {ni'e}		te'u	TEhU
ti	lo se jarco be le cusku be'o noi jibni le cusku	cmavo	tif	{ta}, {tu}		ti	KOhA6
ti'a	fi'o se trixe	cmavo		{trixe}		ti'a	FAhA2
ti'e	tcita le se cusku le du'u la'e ri te jungau	cmavo		{jungau}		ti'e	UI2
ti'i	fi'o {stidi}	cmavo		{stidi}		ti'i	BAI
ti'o	sinxa lo mekfancu selpoi	cmavo		{mekfancu} {selpoi}		ti'o	SEI
ti'u	fi'o {tcika}	cmavo		{tcika}		ti'u	BAI
to	krasi lo pinka noi setca ke'a le ralju se cusku	cmavo		{toi}		to	TO
to'a	sinxa le du'u le se lidne lerfu cu cmalu tarmi	cmavo		{lerfu} {tarmi}; {ga'e}		to'a	BY1
to'e	galfi lo selbrisle lu'e lo dukti be la'e ri bei le ka makau smuni ce'u	cmavo	tol;to'e	{brivla} {dukti}		to'e	NAhE
to'o	fi'o {fardukti}	cmavo		{fardukti}		to'o	FAhA4
to'u	tcita le se cusku le du'u ri tordu	cmavo		{tordu}			UI3
tu	lo se jarco be le cusku be'o noi darno le cusku .e le te cusku	cmavo	tuf	{ti}, {ta}		tu	KOhA6
tu'a	sumgadri le se li'erla'i sumti le du'u sinxa lo bridi be lo se sumti be ri	cmavo		{bridi} {sumgadri}		tu'a	LAhE
tu'e	krasi lo selsku kuspe noi se fanmo zo tu'u	cmavo		{selsku} {kuspe} {krasi}; {tu'u}		tu'e	TUhE
tu'i	fi'o {stuzi}	cmavo		{stuzi}		tu'i	BAI
tu'o	norna'u	cmavo		{no'e} {namcu}; {zi'o}		tu'o	PA
tu'u	fa'orma'o zo tu'e	cmavo		{fa'orma'o}; {tu'e}		tu'u	TUhU
ty	pabimoi lerfu le lojbo	cmavo		{lerfu}		T;ty	BY2
u	logji jonma'o .i te jorne le li'erla'i sumti le se li'erla'i sumti ja'e lo juvykanxe	cmavo		{logji} {jonma'o}; {sumti} {juvykanxe}		u	A
u'a	tcita le se cusku le du'u la'e ri prali le cusku	cmavo		{prali}		u'a	UI1
ua	tcita le se cusku le du'u la'e ri se facki le cusku	cmavo		{facki}		ua	UI1
u'e	tcita le se cusku le du'u la'e ri se manci le cusku	cmavo		{manci}		u'e	UI1
ue	tcita le se cusku le du'u la'e ri se spaji le cusku	cmavo		{spaji}		ue	UI1
smusu	$x_1$ zukte $x_4$ lo nu $x_3$ djuno lo du'u $x_1$ xusra $x_2$	experimental gismu	smusu	smudu'i zo {smusku} .i stidi lo nu ra'oi -sus- co'a rafsi zo smusu
socni	ro da poi cmima $x_2$ zo'u ro de poi cmima $x_2$ zo'u ro di poi cmima $x_2$ zo'u li vei mo'e da na'u $x_1$ mo'e de ve'o na'u $x_1$ mo'e di cu du li mo'e da na'u $x_1$ vei mo'e de na'u $x_1$ mo'e di ve'o	experimental gismu	socni			associative
sorta	$x_1$ milxe ja simlu $x_2$ va'o $x_3$	experimental gismu	sorta	{malglikslu} {u'ivla} .i srana fa zo {milxe} je zo {simlu}
spero	$x_1$ ckini lo kulnu ja bangu ja cecmu pe la'o bau Esperanto bau x2	experimental gismu	spero	{ckini}; {kulnu}; {bangu}; {cecmu}
spupi	$x_1$ mu'oi gy. spoopy .gy. lo ka me $x_2$ ku ki'e la .skeltal. sei .dut. .dut.	experimental gismu	spupi	fi'e la .lucil. .e la janbe
stima	$x_1$ tolcfa	experimental gismu	stima	smudu'i zo {tolcfa} .e zo {fausti} .e zo {famfau} .e ma kau
takni	ro da ro de ro di zo'u da .e de .e di me $x_2$ .i na ja ga nai ge da de gi de di, gi da di me'au $x_1$	experimental gismu	takni	zo {kinra} .i zo {kinfi}
tcipi	$x_1$ goi ko'a jdari je frili bo porpi cidja je na'o cupra lo sance lo nu $x_2$ citka ko'a	experimental gismu	tcipi			jdari;porpi;sance
tende	$x_1$ zukte ja ckaji $x_2$ va'o lo nu no da fanta lo nu $x_1$ zukte ja ckaji $x_2$	experimental gismu	tende	{zukte}; {ckaji}; {fanta}
timne	$x_1$ mencre .i $x_1$ to'e bebna	experimental gismu	timne	selsmudu'i zo {mencre}
tsuku	$x_1$ tolyli'a $x_2$ $x_3$	experimental gismu	tsuku	ko catlu fe ji'a zo {cliva} fa'u zo {klama} fa'u zo {tolyli'a}		to'e cliva;tolyli'a;tsuku
turko	$x_1$ ckini lo kulnu ja bangu ja cecmu ja natmi pe lo bantu'uru ja gugdeturu $x_2$	experimental gismu	turko	{kulnu}; {bangu}; {cecmu}; {natmi}; {bantu'uru}; {gugdeturu}; {xazdo}; {ropno}
smasku	$x_1$ skuna je bacru $x_2$ fau lo nu lo vokcinje be $x_1$ na desku kei $x_3$	lujvo		srana fa zo {cusku} .e zo {bacru} .e zo {smaji} .e zo {cladu} .e zo {voksa} .e zo {vokcinje}		smasku		smaji;cusku
smimlu	$x_1$ simlu lo ka ce'u simsa $x_2$ boi $x_3$ kei $x_4$	lujvo				smimlu		simsa;simlu
smisi'u	.i lo ka ce'u goi $x_1$ smisi'u ce'u goi $x_2$ cu ka ce'u goi $x_1$ simxu lo ka ce'u simsa ce'u ce'u xi re goi $x_2$	lujvo		.i .e'u do catlu zo'e pe zo {simsa} .e zo {simxu} .e zo {simlu} ji'a				simsa;simxu
smudji	$x_1$ .aidji [tu'a] lo nu $x_2$ smuni $x_3$ noi $x_1$ cusku ku'o lo te cusku be $x_3$	lujvo		zo {smuni} .i zo {smusku} .i zo .{aidji}				smuni;djica
smudra	$x_1$ drani fi $x_2$ fe lo ka $x_3$ smuni ce'u $x_4$ kei ri	lujvo						smuni;drani
smudu'i	$x_1$ dunli $x_2$ lo ka ma kau smuni ce'u $x_3$	lujvo				smudu'i		smuni;dunli
smudukti	$x_1$ se smuni lo dukti be lo smuni be $x_2$	lujvo						smuni;dukti
smufa'i	$x_1$ facki lo du'u ma kau smuni $x_2$	lujvo				smufa'i		smuni;facki
smujbi	$x_1$ jibni $x_2$ lo ka ma kau smuni ce'u $x_3$	lujvo						smuni;jibni
smujdi	$x_1$ jdice lo du'u $x_2$ se smuni $x_3$	lujvo		ko catlu zo {smudu'a} ji'a		smujdi		smuni;jdice
smujmi	$x_1$ jimpe lo du'u makau smuni $x_2$ $x_3$ gi'a srana lo sidbo be $x_2$ bei $x_3$ kei $x_2$	lujvo						smuni;jimpe
smusku	$x_1$ zukte $x_4$ lo nu $x_3$ djuno lo du'u $x_1$ xusra $x_2$	lujvo						smuni;cusku
snacau	$x_1$ se sance no da .i $x_1$ mutce ja mulno lo ka smaji	lujvo		srana fa zo {smaji} .e zo {sance} .e zo {claxu}				sance;claxu
snadytoi	$x_1$ troci lo ka ce'u snada $x_2$	lujvo				snadytoi		snada;troci
snapoi	$x_1$ porsi lo sance be $x_2$ lo ka se cupra ca ma kau	lujvo		{sance}; {porsi}; {cupra}				sance;porsi
snazga	$x_1$ zukte da lo nu $x_1$ djuno lo du'u ma kau $x_2$ sance	lujvo		srana fa zo {tirna} .e zo {sance} .e zo {tinju'i}				sance;zgana
snicne	$x_1$ cenba le ka ce'u sinxa makau kei $x_2$ boi $x_3$	lujvo		{sinxa} {cenba}		snicne		sinxa;cenba
snidu'i	$x_1$ dunli $x_2$ lo ka ce'u sinxa makau	lujvo		{sinxa} {dunli}				sinxa;dunli
snigau	$x_1$ gasnu le nu $x_2$ sinxa $x_3$ boi $x_4$	lujvo		{sinxa} {gasnu}		snigau		sinxa;gasnu
snisimsumji	$x_1$ simsumji lei se sinxa be $x_2$ noi lo me $x_3$ moi cu fancu $x_4$ vo'e ke'a .i $x_1$ nu'a si'i $x_2$ boi $x_3$ boi $x_4$	lujvo		{sinxa} {simsumji}; {si'i}		snisimsumji		sinxa;simxu;sumji
snomau	$x_1$ zmadu $x_2$ lo ni masno $x_3$ kei $x_4$	lujvo						masno;zmadu
sofybakni	$x_1$ bakni $x_2$ gi'e softo $x_3$	lujvo		srana fa zo {bakni} .e zo {softo}				softo;bakni
soirsai	$x_1$ sanmi $x_2$ gi'e cidja $x_3$ noi ke'a sonci $x_4$	lujvo				soirsai		sonci;sanmi
solgu'idicyborprami'i	.i lo ka solgu'idicyborprami'i cu ka ko'a ko'e ce'ai ko'a goi $x_1$ minji lo ka ce'u tejaite cupra lo dikca lo gusni be ko'a bei lo solri fai ko'e goi $x_2$	lujvo		.i zo {minji} .e zo {cupra} .e zo {dikca} .e zo {gusni} .e zo {solri} zo'u .e'u zgana		solri ke dikca cupra minji;solri tanbo pe'a		solri;gusni;dikca;bo;cupra;minji
solgusli'i	$x1$ linji lo gusni be $x2$ bei lo solri	lujvo						solri;gusni;linji
solmapku	$x_1$ mapku gi'e se korbi lo ganra gi'e na'o se dasni te zu'e lo nu bandu lo stedu jo'u lo flira tu'a lo solgu'i	lujvo				solmapku		solri;mapku
solnuncanci	.i lo ka ce'u goi $x_1$ solnuncanci ce'u goi $x_2$ ce'u goi $x_3$ ce'u goi $x_4$ ce'u goi $x_5$ ce'u goi $x_6$ cu ka ce'u nu ce'u poi ke'a solri ce'u no'u la'a la terdi ce'u cu canci ce'u poi ta'o ke'a stuzi ku'o ce'u poi ta'o ke'a te zgana	lujvo		.i lo se du'u solcanci zu'i zu'i zu'i zu'i zu'i cu se smuni la'a lo du'u nunsolcanci la solri la terdi zo'e pe vo'axixa lo tsani lo te zgana be fi lo cusku .i .e'u ko catlu zo'e pe zo {nu} .e zo {solri} .e zo {canci}				solri;nu;canci
solnuntolcanci	$x_1$ nu lo solri cu tolcanci $x_2$ boi $x_3$	lujvo		{solri} {nu} {tolcanci}		solnuntolcanci		solri;nu;to'e;canci
sopki'i	$x_1$ ckini so'e da $x_2$	lujvo		{ckini}; {so'e}; {rolki'i}; {nonki'i}; {sorki'i}				so'e;ckini
sopmau	$x_1$ zmadu so'e da $x_2$	lujvo				sopmau		so'e;zmadu
sordu'e	$x_1$ dukse lo ka sormei kei $x_2$ .i va'i $x_1$ du'e mei	lujvo						so'i;dukse
sordu'i	$x_1$ dunli $x_2$ lo ka sormei .i va'i $x_1$ memlai lo se memlai be $x_2$	lujvo						so'i;dunli
sorju'o	$x_1$ djuno so'i da $x_2$ boi $x_3$	lujvo				sorju'o		so'i;djuno
sorki'i	$x_1$ ckini so'i da $x_2$	lujvo		{ckini}; {so'i}; {rolki'i}; {nonki'i}; {sopki'i}				so'i;ckini
sormau	$x_1$ zmadu $x_2$ lo ka sormei .i va'i $x_1$ memlai lo dubmau be lo se memlai be $x_2$	lujvo		smudu'i zo {meizma}				so'i;zmadu
sorme'a	$x_1$ mleca $x_2$ lo ka sormei .i va'i $x_1$ memlai lo dubme'a be lo se memlai be $x_2$	lujvo						so'i;mleca
sormei	$x_1$ so'i mei	lujvo		srana fa zo {so'i} .e zo {mei}				so'i;mei
sorprekarce	$x_1$ karce $x_2$ no'u so'i prenu $x_3$	lujvo		{so'i} {prenu} {karce}		sorprekarce		so'i;prenu;karce
sorselsle	$x_1$ se selci za'u pa da	lujvo		srana fa zo {danlu}		sorselsle		so'i;se;selci
sorselsmu	$x_1$ se smuni be so'i da $x_2$	lujvo				sorselsmu		so'i;se;smuni
sorska	$sk_1$ skari so'i da $sk_3$ $sk_4$	lujvo		.e'u ko tcidu tu'a zo {so'i} .e zo {skari}				so'i;skari
soryroi	$x_1$ cu fasnu so'i roi $x_2$	lujvo				soryroi		so'i;roi
sotmei	$x_1$ so'u mei	lujvo		srana fa zo {so'u} .e zo {mei}				so'u;mei
sotroi	$x_1$ cu fasnu so'u roi $x_2$	lujvo				sotroi		so'u;roi
spacti	$x_1$ se cidja lo spati .e su'e so'u drata	lujvo						spati;citka
spagrasu	$c_1$ ctile $c_2$=$s_1$ po'u lo spati	lujvo						spati;grasu
spapatxu	$p_1$ patxu lo spati $p_3$	lujvo						spati;patxu
spatsina	$t_1$ tsina fi $t_3$=$s_1$ poi ke'a spati	lujvo						spati;tsina
speli'u	$x_1$ noi pu zi ke'a simxu le ka ce'u ce'u co'a speni cu litru $x_2$ boi $x_3$	lujvo				speli'u		speni;litru
spetunba	$x_1$ tunba lo speni be $x_2$ bei $x_3$	lujvo		.i ko catlu zo {speni} .e zo {tunba}				speni;tunba
spogau	$x_1$ gasnu lo nu $x_2$ daspo $x_3$	lujvo		zbasu fi zo daspo ce'o zo gasnu		spogau		daspo;gasnu
spose'i	$x_1$ sefsi lo ka ce'u daspo ce'u	lujvo		{sefsi} .i {daspo}				daspo;sevzi
spusku	$x_1$ cusku $x_2$ boi $x_3$ boi $x_4$ .i $x_1$ spuda $x_3$ lo nu go'i	lujvo				spusku		spuda;cusku
srebandu	lo nu $x_1$ bandu $x_2$ boi $x_3$ cu fasnu gi'e se srera	lujvo						srera;bandu
sriba'axi'a	xirma fa $xi_1$=$b_2$ poi vo'a rarna sriba'a ke'a po'u $d_1$=$b_1$	lujvo		.e'u ko tcidu la'e zo {sriba'a} .e zo {xirma} .e zo {xirnzebra} .e zo {xirnku'aga} .e zo {xirngrevi}				dasri;barna;xirma
sruli'u	$x_1$ litru lo sruri be $x_2$ $x_3$	lujvo		{sruri}; {litru}				sruri;litru
stagau	$x_1$ gasnu lo nu $x_2$ stali $x_3$	lujvo				stagau		stali;gasnu
stigau	$x_1$ gasnu lonu $x_2$ sisti $x_3$	lujvo						sisti;gasnu
stuvi'e	$x_1$ vitke $x_2$ noi ke'a stuzi	lujvo		srana fa zo {stuzi} .e zo {vitke} .e zo {klama} .e zo {gugde} .e zo {bargu'e} .e zo {datygugvi'e}		stuvi'e		stuzi;vitke
sudglajukpa	$x1$ jukpa $x2$ lonu $x2$ sudga gi'e glare	lujvo						sudga;glare;jukpa
sudycitsi	$c_1$ citsi lo ka sudga $c_3$	lujvo		lo lujvo po'u zo {cimcitsi} cu simsa				sudga;citsi
sudysrasu	$x_1$ srasu $x_2$ gi'e se katna gi'e sudga lo djacu	lujvo				sudysrasu		sudga;srasu
sujna'o	$c_1$ du li vei pa fi'e ni'e lo nilzilcmi be $c_3$ po'u lo selcmi te'u goi ny. ve'o pi'i vei xy.xi.ibu si'i .ibu pa bi'o ny.	lujvo						sumji;cnano
sujysi'u	$x_1$ simxu le ka $x_2$ sumji ce'u ce'u	lujvo		{sumji} {simxu}; {simsumji}		sujysi'u		sumji;simxu
sukckape	$x_1$ suksa gi'e ckape $x_2$	lujvo						suksa;ckape
sukydesku	$x1$ desku $x2$ noi suksa	lujvo						suksa;desku
sukyva'u	$x1$ vasxu $x2$ co'a lo suksa	lujvo						suksa;vasxu
sulka'a	$k_1$ katna $k_2$=$s_1$ poi ke'a sunla $s_2$	lujvo						sunla;katna
sumgadri	$x_1$ gadri $x_2$ noi sumti ku'o la lojban $x_3$	lujvo		{sumti} {gadri}; {la'e}, {lu'e}, {tu'a}, {lu'a}, {lu'i}, {lu'o}, {vu'i}; {lu'u}		sumgadri		sumti;gadri
sumka'i	$x_1$ krati $x_2$ le ka ce'u sumti $x_3$ boi $x_4$	lujvo		{sumti} {krati}; {mi}, {do}, {mi'o}, {mi'a}, {ma'a}, {do'o}, {ko}; {ti}, {ta}, {tu}; {ko'a}, {ko'e}, {ko'i}, {ko'o}, {ko'u}, {fo'a}, {fo'e}, {fo'i}, {fo'o}, {fo'u}; {dei}, {di'u}, {de'u}, {da'u}, {di'e}, {de'e}, {da'e}, {do'i}; {ri}, {ra}, {ru}; {vo'a}, {vo'e}, {vo'i}, {vo'o}, {vo'u}; {da}, {de}, {di}; {zo'e}, {zu'i}, {zi'o}, {ke'a}, {ce'u}, {ma}; {brika'i}; {goi}; {da'o}		sumka'i		sumti;krati
sumnyka'e	$k_1$ kakne lo nu sumne ku $k_3$	lujvo		.e'u ko tcidu tu'a zo {sumnyka'e}				sumne;kakne
sumpoi	$x_1$ porsi le selsku terli'e loi sumti be $x_2$ bei $x_3$	lujvo		{sumti} {porsi}; {ce'e}, {nu'i}		sumpoi		sumti;porsi
sumrei	$p_1$ preti lo du'u makau sumti ku $p_3$ $p_4$	lujvo						sumti;preti
sumsmi	$x_1$ simsa lo sumti lo ka ce'u ma kau ka'e zvati	lujvo		mupli lo sumsmi fa lu na ku li'u .e lu bai ku li'u .e lu bai zo'e li'u .e zo ko'a		sumsmi		sumti;simsa
sumtcita	$x_1$ tcita lo sumti $x_2$	lujvo		{sumti} {tcita}				sumti;tcita
sunbi'e	$x_1$ brife $x_2$ noi ke'a stuna ku'o $x_3$	lujvo		{stuna} {brife}		sunbi'e		stuna;brife
surbi'ova'u	$x1$ vasxu gi'e binxo lo surla $x2$	lujvo						surla;binxo;vasxu
sutcli	$c_1$=$s_1$ sutra lo nu vo'a cilre $c_2$ $c_3$ $c_4$ $c_5$	lujvo						sutra;cilre
sutkla	$k_1$=$s_1$ klama $k_2$ $k_3$ $k_4$ $k_5$ .i je lo go'i cu sutra lo nu go'i	lujvo		le finti be di'u no'e birti lo du'u le sumti namcu valsi se cuxna cu mapti				sutra;klama
sutli'u	$x_1$ litru $x_2$ $x_3$ .ije $x_1$ sutra lenu go'i	lujvo		{sutra} {litru}				sutra;litru
sutmau	$x_1$ zmadu $x_2$ lo ni sutra $x_3$ kei $x_4$	lujvo						sutra;zmadu
sutmu'u	$m_1$=$s_1$ sutra lo nu vo'a muvdu $m_2$ $m_3$ $m_4$	lujvo						sutra;muvdu
sutyjai	$x1$ sutra lonu $x1$ co'a jgari $x2$ $x3$ $x4$	lujvo						sutra;jgari
sutyjdika	$x_1$ jdika lo ka sutra $x_2$	lujvo		{sutra}; {jdika}				sutra;jdika
sutyta'asre	$x_1$=$sr_1$=$t_1$=$su_1$ srera $x_2$=$sr_2$ lo nu sutra tavla $x_3$=$t_2$ $x_4$=$t_3$ $x_5$=$t_4$ kei $x_6$=$sr_4$	lujvo						sutra;tavla;srera
suvyco'e	$x_1$ su'u $x_2$ co'e .i va'i $x_1$ astrato gi'e srana $x_2$	lujvo						su'u;co'e
suzdza	naku li no suzmeidza $x_1$	lujvo		srana fa zo {suzmeidza}				su'o;da
suzmeidza	su'oi mo'e $x_1$ da ckaji $x_2$ .i va'i mo'e $x_1$ da pavmei je zilcmi gi'e poi'i lo ro cmima be ke'a cu ckaji $x_2$ .i va'i lo ro da $x_1$ zilkancu $x_2$	lujvo		srana fa zo {zilkancu} .e zo {pavmeidza} .e zo {kaidza} .e zo {suzdza} .e zo {roldza}				su'o;mei;da
suzroi	$x_1$ cu fasnu su'o roi $x_2$	lujvo				suzroi		su'o;roi
tabrelkijno	$x_1$ skacau je pancau je na'e jelka'e gapci gi'e pagbu be lo te vacri gi'e se cupra lo nu vasxu kei gi'e se sinxa zo'oi CO₂	lujvo		{skacau}; {pancau}; {jelka'e}; {gapci}; {pagbu}; {vacri}; {cupra}; {sinxa}				tabno;re;kijno
tabypinsi	$p_1$ pinsi loi tabno	lujvo						tabno;pinsi
tadjytcini	ge $x_1$ tadji $x_2$, gi $x_2$ mupli lo'e nu $x_1$ fasnu gi'e se jalge $x_2$ .i ge ga $x_1$ gi lo ka ce'u gasnu $x_1$ cu tadji lo ka ce'u gasnu $x_2$, gi $x_2$ mupli lo'e nu su'o da ckaji se ja'e gi $x_1$ gi $x_2$	lujvo		zo {tadji} na kaipti lo ka zo {ta'i} smudu'i ce'u .i .e'u zo {ta'i} co'a smudu'i zo tadjytcini				tadji;tcini
taflumca'a	$x_1$ cabra lo ka lumci lo taxfu kei $x_2$	lujvo		srana zo {cabra} .e zo {lumci} .e zo {taxfu}				taxfu;lumci;cabra
tafygenxu	$g_1$ genxu $g_2$ tepi'o jgari lo taxfu	lujvo						taxfu;genxu
ta'idzu	$x1$ cadzu $x2$ $x3$ gi'e tatpi $x4$	lujvo						tatpi;cadzu
ta'irbi'o	$x_1$ binxo lo tatpi be $x_2$	lujvo		{tatpi}; {binxo}				tatpi;binxo
tamcydakfu	$d_1$ dakfu lo'e tamcygrute ku $d_3$	lujvo		zo {tamcyrutydakfu} mitsmuvla zo tamcydakfu				tamca;dakfu
tamcygrute	$g_1$=$t_1$ $g_2$=$t_2$ tamca gi'e grute	lujvo						tamca;grute
tamcyrutydakfu	$d_1$ dakfu lo'e tamcygrute ku $d_3$	lujvo		zo tamcyrutydakfu mitsmuvla zo {tamcydakfu} .i .e'u ko tcidu tu'a zo {tamcygrute} .e zo {dakfu}				tamca;grute;dakfu
tamcyspa	$s_1$=$t_1$ $s_2$=$t_2$ tamca gi'e spati	lujvo						tamca;spati
tamsmi	$x_1$ simsa $x_2$ le ka $x_3$ tarmi ce'u	lujvo		{tarmi} {simsa}	tai	tamsmi		tarmi;simsa
tamvi'o	$x_1$ vitno lo ka $x_2$ tarmi ce'u	lujvo		{tarmi}; {vitno}				tarmi;vitno
tankoi	$x1$ korbi lo tsani be $x2$	lujvo						tsani;korbi
tapflifa'u	$x_1$ fliba lo ka stapa $x_2$ kei gi'e ja'e bo farlu $x_3$	lujvo				tapflifa'u		stapa;fliba;farlu
tapydansu	$x_1$=$s_1$=$d_1$ stapa lo loldi lo jamfu be $x_1$=$s_1$=$d_1$ .i $x_1$=$s_1$=$d_1$ cu dansu $x_2$=$d_2$ .i $x_1$=$s_1$=$d_1$ cu cupra lo sance noi rilti $x_2$=$d_2$ ku'o lo pu'u go'e	lujvo		.i {stapa} {dansu}				stapa;dansu
tarlyla'u	$l_1$ lalxu sema'e loi tarla	lujvo						tarla;lalxu
tarlypu'i	$x_1$ punji $x_2$ poi tarla vau $x_3$	lujvo		panra zo {cintypu'i}				tarla;punji
tavysi'u	$x_1$ simxu lo ka ce'u tavla ce'u $x_2$ boi $x_3$	lujvo		{tavla} {simxu}		tavysi'u		tavla;simxu
tcanylu'a	$x_1$ pluta $x_2$ noi tcana $x_5$ ku'o $x_3$ noi tcana $x_5$ ku'o $x_4$ noi su'omei loi tcana be $x_5$ .i $x_2$ te benji .i $x_3$ ve benji	lujvo		{tcana} {pluta}		tcanylu'a		tcana;pluta
tcapau	$x_1$ pagbu $x_2$ noi ke'a tcadu	lujvo		{tcadu} {pagbu}		tcapau		tcadu;pagbu
tcebra	$x_1$ mutce loka ce'u barda $x_2$ $x_3$ kei zi'o	lujvo		{mutce} {barda}				mutce;barda
tcejarki	$x_1$ mutce lo ka jarki $x_2$ fi $x_3$	lujvo						mutce;jarki
tcemli	$x_1$ milxe lo ka ce'u mutce $x_2$	lujvo				tcemli		mutce;milxe
tcenarplixla	$x_1$ narplixla $x_2$ $x_3$  .ije na lakne fa le nu snada lo xamgu lo nu pilno $x_1$ $x_2$	lujvo						mutce;na;pilno;xlali
tcetce	$x_1$ mutce lo ka mutce $x_2$	lujvo		srana fa zo {mutce}				mutce;mutce
tcevlimaurempre	le ni $x_1$ ckaji $x_2$ cu mutce zmadu le ni lo fadni cmima be $x_3$ cu kakne le nu ckaji $x_2$	lujvo		.i lo xamgu tcevlimaurempre cu vudvri poi tcevlimaurempre  .ije lo xlali tcevlimaurempre cu tolvudvri poi tcevlimaurempre .ni'o cumki fa le nu le tcidu cu se cizra le nu zo tcevlimaurempre vasru lo'u rem le'u  .i ku'i zo tcevlimaurempre pu valsi lu lo prenu poi ke'a goi ko'a zo'u le ni ko'a vlipa cu mutce zmadu le ni lo fadni ba'e remna cu kakne le nu vlipa li'u  .i ku'i la .varik. jinvi le du'u le pamoi vlavelcki be zo tcevlimaurempre cu dukse mulju'i pe'a lo remna kei gi'e ciska le remoi vlavelcki be zo tcevlimaurempre noi na mulju'i pe'a lo remna		superpower		mutce;vlipa;zmadu;remna;prenu
tcimi'e	$x_1$ minde pe'aru'e $x_2$ noi tutci ja minji vau $x_3$	lujvo						tutci;minde
tcipli	$x_1$ pilno $x_2$ lo ka gasnu lo nu $x_2$ tutci je ckaji $x_3$	lujvo		srana fa zo {pilno} .e zo {tutci}		tcipli		tutci;pilno
tefpi'i	$x_1$ pilji $x_2$ le tenfa be $x_3$ bei $x_4$ .i $x_1$ nu'a gei $x_4$ boi $x_2$ boi $x_3$	lujvo		{tenfa} {pilji}; {gei}		tefpi'i		tenfa;pilji
tegygaska'e	$k_1$ kakne lo nu tegyga'e ku $k_3$	lujvo		.e'u ko tcidu tu'a zo {narte'ugaska'e} .e zo {tegyga'e}.				tengu;ganse;kakne
teijbi	$j_1$=$t_2$ jibni $j_2$=$t_3$ lo ni ce'u temci vo'a vo'e	lujvo		.e'u ko tcidu tu'a zo {jibni} .e zo {temci} .e zo {zi}.				temci;jibni
telcaugau	$x_1$ gasnu lo nu $x_2$ claxu $x_3$ noi stela lo nei $x_4$	lujvo				telcaugau		stela;claxu;gasnu
temda'o	$d_1$=$t_2$ darno $d_2$=$t_3$ lo ni ce'u temci vo'a vo'e	lujvo		.e'u ko tcidu tu'a zo {darno} .e zo {temci} .e zo {zu}.				temci;darno
temdu'e	$x_1$ dukse lo ka ce'u se krafamtei ma kau kei $x_2$	lujvo		srana fa zo {temci} .e zo {dukse} .e zo {jalge} .e zo {temrau}		temdu'e		temci;dukse
temjudri	$x_1$ noi temci sinxa cu judri $x_2$ noi fasnu ku'o $x_3$	lujvo		.i  {temci} zei {judri} to lo terbri cu se manri lo si'o zasni jbotamgau zo {tcika} jo'u zo {ciste} toi .i srana zo {detri} .e zo {tcika} .e zo {te'i} .i mupli fa lu li re no pa mu pi'e mu pi'e ci no pi'e re no pi'e re vo cu mentu temjudri su'o nuntumdesku u'y ty cy xi ma'u so li'u jo'u lu li re vo mu ze pa ze re pi so ze mu cu temjudri su'o nuntumdesku la juli'us li'u	te'i			temci;judri
temkluza	lo ditcu poi balvi ca'au je poi ze'a ke'a $x_1$ ka'e zenba lo ka mo'ulno cu barda	lujvo		zo {temtagji} zo {temci} zo {mo'ulno} zo {ca'au} zo {kluza}				temci;kluza
temli'u	.i lo ka ce'u temli'u cu ka ce'u goi $x_1$ litru lo temci be ce'u goi $x_2$ bei ce'u goi $x_3$ ce'u goi $x_4$	lujvo		.i .e'u do zgana ge zo'e ne zo temci gi zo'e ne zo litru				temci;litru
temrau	$x_1$ raunzu lo ka ce'u se krafamtei ma kau kei $x_2$	lujvo		srana fa zo {temci} .e zo {raunzu} .e zo {banzu} .e zo {jalge} .e zo {temdu'e}		temrau		temci;gradu
temtagji	lo ditcu poi balvi ca'au je poi ze'a ke'a $x_1$ ka'e zenba lo ka mo'ulno cu cmalu	lujvo		zo {temkluza} zo {temci} zo {mo'ulno} zo {ca'au} zo {tagji}				temci;tagji
temtcu	$x_1$ nitcu lo ka ce'u ze'a $x_2$ ckaji $x_3$ kei lo ka ce'u mo'u ckaji $x_3$	lujvo		srana fa zo {temci} .e zo {nitcu} .e zo {temyzi'e}		temtcu		temci;nitcu
tepcau	$x_1$ no da terpa	lujvo		srana fa zo {terpa}				terpa;claxu
tepselspaji	$x_1$ se tepspaji $x_2$	lujvo						terpa;se;spaji
tepsne	$s_1$=$t_1$ senva gi'e senva $s_2$=$t_2$	lujvo		.e'u ko tcidu tu'a zo {terpa} .e zo {senva}				terpa;senva
tepspaji	$x_2$ terpa lo nu $x_1$ spaji $x_2$	lujvo						terpa;spaji
terbri	$x_1$ te bridi $x_2$ boi $x_3$	lujvo		.i srana fa zo {bridi} .e zo {zilbri} .e zo {sumti}				te;bridi
terbrimei	ro da ro de zo'u ganai da $x_1$ de bridi gi de cmimei $x_2$	lujvo		smudu'i zo {tersu'imei} .e zo {tersumei}				te;bridi;mei
terbrimoi	$x_1$ me $x_2$ moi lo terbri be fi $x_3$ (to fi lo fadni toi)	lujvo						te;bridi;moi
terbrisni	$x_1$ selcmi lo sinxa be lu'a lo terbri be la'e $x_2$ bei la'e $x_3$	lujvo		i $x_2$ {selbrisni} ije $x_3$ {brisni} i srana zo {te} e zo {bridi} e zo {sinxa}				te;bridi;sinxa
terbrisu'a	$x_1$ stura loi te bridi be $x_2$	lujvo						te;bridi;stura
terdakyji'o	$j_1$ jipno $j_2$=$d_3$ po'u lo te dakfu ge'u $j_3$	lujvo						te;dakfu;jipno
terjonma'o	$x_1$ cmavo $x_2$ le du'u $x_1$ te jorne $x_3$ boi $x_4$ kei $x_5$	lujvo		{terjo'e} {cmavo}; {jonma'o}		terjonma'o		te;jorne;cmavo
terkruca	$x_1$ te kruca $x_2$ boi $x_3$ .i ro cmima be $x_2$ .e $x_3$ cu cmima $x_1$ ije ro cmima be $x_1$ cu cmima $x_2$ .e $x_3$	lujvo		{te} {kruca}; {ku'a}		terkruca		te;kruca
terkubli	$x_{1}$ te kubli $x_{2}$ boi $x_{3}$ gi'e se cimde $x_{4}$ noi lo kunti be ke'a cu dunli lo ve vimcu be li pa bei $x_{2}$	lujvo		{te} {kubli}, {cimde}				te;kubli
termu'i	$x_1$ te mukti $x_2$ fi $x_3$	lujvo		srana fa zo {mukti} .e zo {zukte}				te;mukti
termu'igau	$x_1$ gasnu lo nu $x_2$ te mukti $x_3$ $x_4$	lujvo						te;mukti;gasnu
terporcmi	.i lo ka terporcmi cu ka ce'u goi $x_1$ cmima ce'u goi $x_2$ zi'e noi ke'a te porsi ce'u goi $x_3$ ce'u goi $x_4$	lujvo		.i .e'u catlu ge zo'e ne zo {porsi} gi zo'e ne zo {cmima}				te;porsi;cmima
tersei	$x_1$ te sepli $x_2$ boi $x_3$	lujvo		{te} {sepli}; {vi}, {va}, {vu}		tersei		te;sepli
tersmu	$x_1$ te smuni $x_2$ fi $x_3$	lujvo		srana fa zo {smuni} .e zo {selsmu}				te;smuni
tersu'imei	ro da ro de zo'u ganai da $x_1$ de bridi gi de cmimei $x_2$	lujvo		smudu'i zo {tersumei} .e zo {terbrimei}				te;sumti;mei
teryru'eca'a	$c_1$ cabra lo'e nu ke'a terpruce kei ku $c_3$	lujvo		.e'u ko tcidu tu'a zo {selru'eca'a}				te;pruce;cabra
terzbipu'i	$p_1$ punji $p_2$ $p_3$=$n_3$ po'u lo te nazbi	lujvo						te;nazbi;punji
terzukcau	$x_1$ zukte $x_2$ fau lo nu $x_1$ claxu lo ka ce'u zukte $x_2$ su'o da .i $x_1$ zukte $x_2$ gi'e zukte fi no da	lujvo		srana fa zo {claxu} .e zo {zukte}		terzukcau		te;zukte;claxu
tibli'u	$x_1$ litru $x_2$ boi $x_3$ tezu'e lo nu $x_1$ tinbe $x_4$	lujvo		{tinbe} {litru}				tinbe;litru
ticprije	$x1$ prije lonu $x1$ tcica $x2$ $x3$ kei $x2$	lujvo						tcica;prije
tifcabna	$x_1$ cabna ti .i  $x_1$ fasnu ca ti	lujvo				tifcabna		ti;cabna
tifpru	$x_1$ purci ti .i  $x_1$ fasnu pu ti	lujvo				tifpru		ti;purci
tifybalvi	$x_1$ balvi ti .i  $x_1$ fasnu ba ti	lujvo				tifybalvi		ti;balvi
tijdzu	$x1$ cadzu $x2$ $x3$ gi'e tilju	lujvo						tilju;cadzu
tijyfa'u	$x1$ farlu $x2$ $x3$ $x4$ gi'e tilju	lujvo						tilju;farlu
tilcfu	$x_1$ ricfu lo tcila be $x_1$	lujvo		{tcila}; {ricfu}				tcila;ricfu
timske	$x_1$=$s_1$ saske lo si'o tcima ku $x_2$=$s_3$	lujvo						tcima;saske
tinka'e	$k_1$ kakne lo nu tirna ku $k_3$	lujvo		.e'u ko tcidu tu'a zo {nartinka'e}				tirna;kakne
tinmlu	$x_1$ simlu $x_2$ $x_3$ poi tirna $x_1$ vo'o ku'o $x_4$	lujvo						tirna;simlu
titnanba	$x_1$ nanba $x_2$ gi'e titla	lujvo						titla;nanba
tcita zei uidje	$t_1$=$u_1$ $t_2$=$u$=$2$ tcita $t_3$ gi'e uidje	zei-lujvo
te'o zei dugri	$d_1$ dugri $d_2$ li te'o	zei-lujvo
slasylta	$x_1$ cilta lo slasi .i $x_1$ slasi gi'e cilta	fu'ivla		zo {slasi} .i zo {cilta}
smunambigu	lo du'u $x_1$ se smuni $x_2$ ji kau $x_3$ na filseljmi .i $x_1$ ka'e se smuni za'u pa da	fu'ivla		ko catlu zo {ambigu} je zo {sorselsmu} je zo {smuvrici}		smunambigu
snameva	$x_1$ valsi zi'o gi'e poi'i lo sance be lo nu ba'usku ke'a cu melbi $x_2$	fu'ivla		srana fa zo {melbi} .e zo {valsi} .e zo {sance} .e zo {bacru} .e zo {skuna}		snameva
solnaro	$x_1$ ckini lo kulnu ja lijda ja marde pe la .solunaron. $x_2$	fu'ivla
spakili	$x_1$ kilpunli $x_2$ noi spati ku'o gi'e jai bandu ri lo ka se citka mu'a	fu'ivla
sparaltaia	$x_1$ spati $x_2$ noi jutsi la'o jutsi Althaea jutsi	fu'ivla
sparubu	$x_1$ spati gi'e se kinjipu gi'e jutcmi la .rubus. gi'e na'o cupra lo jbarubu	fu'ivla		srana fa zo {jbarubu}
spatrtensai	$x_1$ spati la'o ly.Beta vulgaris subsp. vulgaris var. conditiva.ly.	fu'ivla		.e'u ko tcidu tu'a zo {genjrtensai}
stakrportcelanu	$x_1$ staku zi'o $x_2$ no'u la .portcelan. $x_3$	fu'ivla				stakrportcelanu
stiseji	$x_1$ se jibri lo ka stidi	fu'ivla
stomaxu	$x_1$ rango $x_2$ lo ka gasnu lo nu lo cidja cu runta	fu'ivla		{rango}; {gasnu}; {cidja}; {runta}; {djaruntyrango}
sumdaiklei	$x_1$ kleinzu $x_2$ noi sumdai ku'o $x_3$	fu'ivla
sundara	$x_1$ melbi zi'o zi'o zi'o	fu'ivla
su'umdu	$x_1$ su'u me'au du'au $x_2$ kei $x_3$	fu'ivla
tankomo	$x_1$ dukse $x_2$ lo nu $x_1$ me'au $x_3$ lo ka zenba lo ka ckaji $x_2$	fu'ivla		selsmudukti fa zo {toltankomo}
tcernobi	$x_1$ vubla lo ka ju'a ce'u spoja $x_2$ jo'u lo drata gi'e dirce $x_2$	fu'ivla
tciromei	$x_1$ ro mei lo se tcidu noi jufra $x_2$	fu'ivla
tcitigi	$x_1$ tigni lo ka ce'u tcidu je bacru $x_2$ vau $x_3$	fu'ivla		jbofuvi fi lu tcidu zei tigni li'u		tcitigi
tciuaua	$x_1$ gerku le me la'o gy.Chihuahua.gy. ku fi'o se jutsi $x_2$	fu'ivla		zoi gy.Chihuahua.gy. valsi fi lo bangenugu .i zo {gerkrtciuaua} mitsmuvla zo tciuaua .i .e'u ko tcidu tu'a zo {gerku}
tcubige	$x_1$ brije'uju'o lo ka $x_2$ fricysi'u ce'u	fu'ivla		{frica}, {brije'uju'o}
tentaku	$x_1$ rango gi'a jmive jimca gi'e clani gi'e selpau no bongu gi'e toltinsa	fu'ivla		lo .{oktopoda} cu mupli lo ka selpau su'o tentaku
tepmoso	$x_1$ mo'isro $x_2$ noi na'o se gu'u se gi te pruce gi'e voi lo pruce be fi ke'a cu masno gi'a pluja	fu'ivla		zo {mo'isro} .i zo {pruce}
terjoma	$x_1$ terjonma'o $x_2$ boi $x_3$ boi $x_4$ boi $x_5$	fu'ivla
termine	$x_1$ me la'o gy. terminal emulator .gy gi'e kakne le nu pilno $x_2$ poi zbaske	fu'ivla		cumki fa le nu $x_2$ cmene la'o gy. protocol .gy .a lo lertermifra .a lo mapti
tersumei	$x_1$ tersu'imei $x_2$	fu'ivla				tersumei
ti'erna	$x_1$ ti'e zei tirna $x_2$	fu'ivla		{xusyju'o}
tiktaki	$x_1$ sance gi'e simsa lo sance be lo nu lo junla cu cupra zo .tiktak.	fu'ivla		{onmatopo'eia}		tiktaki
to'anzu	$x_1$ ckini lo kulnu ja bangu ja cecmu pe la'o bau Tòaq Dzũ bau $x_2$	fu'ivla		la'o bau Tòaq Dzũ bau runbau gi'e se finti la selpa'i		to'anzu
su'ei	se xi vei pa .e re	experimental cmavo		stidi tu'a ra'oi -sem-			SE
su'oi	namcu .i ka'e se basti su'o re namcu poi zmajavdu'i li pa .a le se li'erla'i namcu	experimental cmavo		.i lu {su'oi} {da} li'u du lu {na} {ku} {ro'oi} {da} {na} {ku} li'u .i ko karbi zo su'oi zo {su'o}			PA4
ta'ai	tcita pa (to simsa zo zo toi) mupli valsi noi pruce ke'a lo selbrisle noi ke'a se smuni lo ka ce'u valsi gi'e dunli lo bi'u nai mupli valsi lo ka ma kau vlatai ce'u	experimental cmavo					GOhOI
ta'oi	zo ta'oi sinxa lo du'u lo cusku cu aidji lo ka ce'u jmina lo ca se cusku lo jufra poi lidne	experimental cmavo		sa'enai smudukti zo {i}			TAhOI
tau'o	lo lamjvo cu ckaji lo tanru .i lo tersumsu'a pe le lujvo cu mintu lo fanmo ke rafsi jonai gismu	experimental cmavo				tanru lujvo;taujvo	TAUhO
tau'u	namcu fa li re pi'i pai, no'u li ji'i xa pi re bi ci pa, noi parbi lo se klani be lo korbi be lo cukla lo se klani be lo mijdi'esirji be cy	experimental cmavo				tau'u	PA5
te'i	fi'o {temjudri}	experimental cmavo		.i srana zo {temjudri} .e zo {de'i} .e zo {ti'u} .i mupli fa lu su'o da nuntumdesku te'i li re no pa mu pi'e mu pi'e ci no pi'e re no pi'e re vo noi sinxa lo mentu ku'o te te'i u'y ty cy xi ma'u so li'u jo'u lu su'o da nuntumdesku te'i li re vo mu ze pa ze re pi so ze mu te te'i la juli'us li'u			BAI
ti'u'a	fi'o {djecacrytcika}	experimental cmavo		.i srana zo {djecacrytcika} .e zo {ti'u} .e zo {ti'u'e} .e zo {ti'u'i}			BAI
ti'u'e	fi'o {cacryme'utcika}	experimental cmavo		.i srana zo {cacryme'utcika} .e zo {ti'u} .e zo {ti'u'a} .e zo {ti'u'i}			BAI
ti'u'i	fi'o {metnidytcika}	experimental cmavo		.i srana zo {metnidytcika} .e zo {ti'u} .e zo {ti'u'a} .e zo {ti'u'e}			BAI
to'e ja'e	fi'o {tolja'e}	cmavo-compound		.i srana zo {tolja'e}			BAI*
to'e ja'e nai	fi'o na'e {tolja'e}	cmavo-compound		.i srana zo {na'e} .e zo {tolja'e}			BAI*
to'e ki'u	fi'o {tolki'u}	cmavo-compound		.i srana zo {tolki'u}			BAI*
to'e ki'u nai	fi'o na'e {tolki'u}	cmavo-compound		.i srana zo {na'e} .e zo {tolki'u}			BAI*
to'e mu'i	fi'o {tolmu'i}	cmavo-compound		.i srana zo {tolmu'i}			BAI*
to'e mu'i nai	fi'o na'e {tolmu'i}	cmavo-compound		.i srana zo {na'e} .e zo {tolmu'i}			BAI*
to'e ni'i	fi'o {tolni'i}	cmavo-compound		.i srana zo {tolni'i}			BAI*
to'e ni'i nai	fi'o na'e {tolni'i}	cmavo-compound		.i srana zo {na'e} .e zo {tolni'i}			BAI*
to'e ri'a	fi'o {tolri'a}	cmavo-compound		.i srana zo {tolri'a}			BAI*
to'e ri'a nai	fi'o na'e {tolri'a}	cmavo-compound		.i srana zo {na'e} .e zo {tolri'a}			BAI*
to'e se ja'e	fi'o se tolja'e	cmavo-compound		.i srana zo {se} .e zo {tolja'e}			BAI*
to'e se ja'e nai	fi'o na'e se tolja'e	cmavo-compound		.i srana zo {na'e} .e zo {se} .e zo {tolja'e}			BAI*
toknu	$x_1$ tutci lo ka vasru je glagau je jukpa $x_2$	gismu	tok;tokn;toknu	{tutci}; {vasru}; {glagau}; {jukpa}
to'i	to sa'a	cmavo		{to} {sa'a}		to'i	TO
toi	fa'orma'o zo to	cmavo		{fa'orma'o}; {to}; {to'i}		toi	TOI
togmo'a	$x_1$ morna $x_2$ noi ke'a tonga	lujvo		{tonga}; {morna}; {zgike}; {sanga}; {siclu}		togmo'a		tonga;morna
tolbanzu	$ko'a$ to'e banzu $ko'e$ $ko'i$	lujvo		{to'e} {banzu}				to'e;banzu
tolcando	$x_1$ da zukcfu	lujvo		srana fa zo {zukcfu} .e zo {cando}				to'e;cando
tolcfa	$x_1$ to'e cfari	lujvo		{to'e} {cfari}		tolcfa		to'e;cfari
tolcilce	$c_1$ to'e cilce	lujvo						to'e;cilce
tolcimni	$c_1$ to'e cimni $c_2$ $c_3$	lujvo		.e'u ko tcidu tu'a zo {to'e} .e zo {cimni}				to'e;cimni
tolci'oze'a	$x1$ zenba loka $x1$ to'e citno kei $x2$	lujvo						to'e;citno;zenba
tolcru	$x_1$ to'e curmi $x_2$ boi $x_3$	lujvo		{to'e} {curmi}; {e'anai}		tolcru		to'e;curmi
toldarsi	$x_1$ to'e darsi $x_2$	lujvo		{to'e} {darsi}; {u'ocu'i}		toldarsi		to'e;darsi
toldarsygau	$x_1$ to'e darsygau $x_2$ boi $x_3$	lujvo		{to'e} {darsygau}; {e'enai}		toldarsygau		to'e;darsi;gasnu
toldicra	$x_1$ to'e dicra $x_2$ boi $x_3$ .i $x_2$ ve denpa $x_1$ .i $x_1$ rinka lo krefu be le nu $x_2$ cfari	lujvo		{to'e} {dicra}; {refcfari'a}	di'a	toldicra		to'e;dicra
toldji	$x_1$ to'e djica $x_2$ boi $x_3$	lujvo		{to'e} {djica}; {aunai}		toldji		to'e;djica
toldju	$x_1$ to'e sidju $x_2$ fi $x_3$ .i va'i $x_1$ gasnu lo nu $x_3$ zenba lo ka nandu $x_2$ .i ja $x_1$ zunti lo nu $x_2$ ckaji gi'a zukte $x_3$	lujvo		srana fa zo {sidju} .e zo {to'e} .e zo {zunti}				to'e;sidju
toldu'e	$x_1$ to'e dukse $x_2$ boi $x_3$ .i $x_1$ mleca lo banzu $x_2$ ma'i $x_3$ .i $x_1$ mleca lo mansa be $x_3$ bei $x_2$	lujvo		{to'e} {dukse}; {mo'a}; {ba'unai}		toldu'e		to'e;dukse
tolfaucu'i	lo nu $x_1$ tolfau cu cumki $x_2$	lujvo						to'e;fasnu;cumki
tolfautolcu'i	lo nu $x_1$ tolfau cu tolcu'i $x_2$	lujvo						to'e;fasnu;to'e;cumki
tolfragapci	$x_1$ to'e frati ma'i lo xumske gi'e gapci $x_2$ boi $x_3$	lujvo		{xumske} {to'e} {frati} {gapci}				to'e;frati;gapci
tolfrinyna'u	$x_1$ mrena'u gi'enai du su'o frinu be lo mulna'u bei lo mulna'u	lujvo		.e'u ko tcidu tu'a zo {to'e} .e zo {frinu} .e zo {namcu} .e zo {frinyna'u} .e zo {xarna'u} .e zo {tolxarna'u} .e zo {mrena'u} .e zo {lujna'u}				to'e;frinu;namcu
tolganzu	$x_1$ to'e ganzu $x_2$ $x_3$	lujvo						to'e;ganzu
tolgeitce	$m_1$=$g_1$ mutce lo ka ce'u to'e gleki $g_2$	lujvo						to'e;gleki;mutce
tolja'e	lo natfe be $x_1$ ku jalge $x_2$	lujvo		.i {to'e} {jalge} .i sa'unai lu lo nu broda cu tolja'e lo nu brode li'u cu dunli lu lo nu na broda cu jalge lo nu brode li'u lo ka smuni	to'e ja'e;to'e ja'e nai			to'e;jalge
tolju'i	$x_1$ to'e jundi $x_2$	lujvo		{to'e} {jundi}; {a'anai}		tolju'i		to'e;jundi
toljursa	$x1$ to'e jursa $x2$	lujvo						to'e;jursa
tolkau	no me $x_2$ cu ckaji $x_1$ .i va'i nonydza fa lo ka ce'u me $x_2$ gi'e ckaji $x_1$	lujvo		srana fa zo {kampu} .e zo {nartolkau} .e zo {nonydza}				to'e;kampu
tolke'i	$x_1$ to'e kecti $x_2$ boi $x_3$ .i $x_1$ kusru $x_2$ sera'a $x_3$	lujvo		{to'e} {kecti}; {kusru}; {uunai}		tolke'i		to'e;kecti
tolki'u	$x_1$ krinu lo natfe be $x_2$	lujvo		.i {to'e} {krinu} .i sa'unai lu lo nu broda cu tolki'u lo nu brode li'u cu dunli lu lo nu broda cu krinu lo nu na brode li'u lo ka smuni	to'e ki'u;to'e ki'u nai			to'e;krinu
tolkri	$x_1$ to'e krici $x_2$ boi $x_3$	lujvo		{to'e} {krici}; {ianai}		tolkri		to'e;krici
tolkuflenku	$x_1$ lenku ta'i lo se tolkufra be $x_2$	lujvo						to'e;kufra;lenku
tolkufygla	$x_1$ glare ta'i lo se tolkufra be $x_2$	lujvo						to'e;kufra;glare
tolmadba'i	$x_1$ banli $x_2$ $x_3$ .ije $x_2$ to'e marde $x_3$ $x_1$	lujvo		{to'e}+{marde}+{banli}				to'e;marde;banli
tolmanfo	$x_1$ to'e manfo $x_2$	lujvo						to'e;manfo
tolmu'i	$x_1$ mukti lo natfe be $x_2$ boi $x_3$	lujvo		.i {to'e} {mukti} .i sa'unai lu lo nu broda cu tolmu'i lo nu brode li'u cu dunli lu lo nu broda cu mukti lo nu na brode li'u lo ka smuni	to'e mu'i;to'e mu'i nai			to'e;mukti
tolna'e	$x_1$ to'e natfe $x_2$ boi $x_3$	lujvo		.e'u ko tcidu tu'a zo {to'e} .e zo {natfe} .e zo {ja'a}		tolna'e		to'e;natfe
tolni'i	$x_1$ nibli lo natfe be $x_2$ boi $x_3$	lujvo		.i {to'e} {nibli} .i sa'unai lu lo nu broda cu tolni'i lo nu brode li'u cu dunli lu lo nu broda cu nibli lo nu na brode li'u lo ka smuni	to'e ni'i;to'e ni'i nai			to'e;nibli
tolpa'a	$x_1$ to'e pacna $x_2$ boi $x_3$	lujvo		{to'e} {pacna}; {a'onai}		tolpa'a		to'e;pacna
tolpanra	$x_1$ to'e panra $x_2$ $x_3$ .i $x_1$ frica $x_2$ $x_3$ noi menre lo ralju be lo se ckaji be $x_1$ jo'u $x_2$	lujvo		{panra}; {frica}; {simsa}; {mintu}; {drata}				to'e;panra
tolpe'a	$x_1$ to'e preja $x_2$ boi $x_3$ .i $x_1$ jdika lo ka ce'u kuspe kei co'u lo ka ce'u kuspe $x_2$ kei co'a lo ka ce'u kuspe $x_3$	lujvo		{kuspe} .i {jdika} .i {preja}				to'e;preja
tolpo'u	$x_1$ to'e spofu $x_2$	lujvo		srana fa zo {spofu}				to'e;spofu
tolprali	$x_1$ to'e prali $x_2$ boi $x_3$ .i $x_1$ xlali $x_2$ gi'e jalge $x_3$	lujvo		{to'e} {prali}		tolprali		to'e;prali
tolpu'a	$p_1$ to'e pluka $p_2$ $p_3$	lujvo						to'e;pluka
tolpu'i	$x_1$ to'e punji $x_2$ $x_3$	lujvo						to'e;punji
tolragve	$x_1$ to'e ragve $x_2$ boi $x_3$ .i $x_1$ dunli $x_3$ le ka ce'u po'u makau mlana $x_2$	lujvo		{ragve}		tolragve		to'e;ragve
tolrai	ge $x_1$ me $x_3$ gi'e ckini da $x_2$ gi no $x_3$ mleca $x_1$ fi $x_2$	lujvo		srana fa zo {traji}				to'e;traji
tolri'a	$x_1$ rinka lo natfe be $x_2$	lujvo		.i {to'e} {rinka} .i sa'unai lu lo nu broda cu tolri'a lo nu brode li'u cu dunli lu lo nu broda cu rinka lo nu na brode li'u lo ka smuni	to'e ri'a;to'e ri'a nai			to'e;rinka
tolrinsa	$x_1$ to'e rinsa $x_2$ boi $x_3$ .i $x_1$ frati $x_3$ le nu $x_2$ cliva	lujvo		{to'e} {rinsa}, {frati}, {cliva}, {co'o}		tolrinsa		to'e;rinsa
tolri'ugau	$x_1$ gasnu le nu $x_2$ to'e rinju $x_3$ boi $x_4$	lujvo		{to'e} {rinju} {gasnu}; {zifcru}		tolri'ugau		to'e;rinju;gasnu
tolsi'a	$x_1$ to'e sinma $x_2$	lujvo		{to'e} {sinma}; {ionai}		tolsi'a		to'e;sinma
tolsnuti	$s_1$ to'e snuti $s_2$ .ije va'i $s_2$ zukte $s_1$ zo'e	lujvo				tolsnuti		to'e;snuti
toltaske	$t_1$ to'e taske $t_2$	lujvo						to'e;taske
toltce	$x_1$ to'e mutce $x_2$ boi $x_3$ .i $x_1$ klani lo cmalu $x_2$	lujvo		{to'e} {mutce}; {so'u}		toltce		to'e;mutce
toltenfa	$x_2$ tenfa $x_1$ $x_3$ .i $x_1$ nu'a fe'a $x_2$ $x_3$	lujvo						to'e;tenfa
toltu'i	$x_1$ to'e tugni $x_2$ boi $x_3$ boi $x_4$	lujvo		.e'u ko tcidu la'e zo {to'e} .e zo {tugni} .e lu {ienai} li'u		toltu'i		to'e;tugni
tolvri	$x_1$ to'e virnu $x_2$ boi $x_3$	lujvo		{to'e} {virnu}; {u'onai}		tolvri		to'e;virnu
tolxagji	$xa_1$ to'e xagji $xa_2$	lujvo						to'e;xagji
tolxarna'u	$x_1$ namcu gi'e se tenfa lo na'e mleca be li no li re	lujvo		dunli zo {mrena'u} lo ka ce'u smuni .i {to'e} {xanri} {namcu}; {xarna'u}, {lujna'u}; {ka'o}				to'e;xanri;namcu
tolylazni	$l_1$ to'e lazni $l_2$	lujvo		.e'u ko tcidu tu'a zo {lazni}				to'e;lazni
tolzau	$x_1$ to'e zanru $x_2$	lujvo		{to'e} {zanru}; {i'anai}		tolzau		to'e;zanru
tolzdi	$x_1$ to'e zdile $x_2$ boi $x_3$	lujvo		.e'u ko tcidu la'e zo {to'e} .e zo {zdile} .e lu {u'inai} li'u		tolzdi		to'e;zdile
torbrato'a	$x1$ tonga lo barda $x2$ gi'e tordu	lujvo						tordu;barda;tonga
torsipna	$x1$ sipna ze'i lo tordu	lujvo						tordu;sipna
trajynei	$x_1$ nelci $x_2$ noi ke'a traji fi $x_3$ fe lo ka $x_1$ nelci ce'u .i $x_2$ traji lo ka $x_1$ nelci ce'u kei $x_3$	lujvo		{zmanei}		trajynei		traji;nelci
trocau	$x_1$ claxu lo ka da jitro ce'u $x_2$	lujvo		{jitro} .i {claxu}				jitro;claxu
trogu'i	$x_1$ minji gi'e se pagbu su'o gustci gi'e jitro fe $x_2$ fi $x_3$ fau lo nu tu'a lo se gusydi'e be $x_1$ cu sinxa lo du'u $x_2$ bilga ma kau	lujvo		srana fa zo {jitro} .e zo {gusni} .e zo {klama} .e zo {klafle} .e zo {sinxa}		trogu'i		jitro;gusni
trose'i	$x_1$ sefsi lo ka ce'u jitro ce'u $x_2$	lujvo		{sefsi} .i {jitro}				jitro;sevzi
trotci	$x_1$ tutci lo nu jitro $x_2$ $x_3$	lujvo						jitro;tutci
trucei	$x_1$ turni $x_2$ gi'e cevni $x_2$ boi $x_3$	lujvo						turni;cevni
truse'i	$x_1$ sefsi lo ka ce'u turni ce'u	lujvo		{sefsi} .i {turni}				turni;sevzi
trusi'o	$x_1$ sidbo lo nu $x_2$ turni $x_3$ do'e kei $x_4$	lujvo		{turni} {sidbo}		trusi'o		turni;sidbo
tsamau	$x_1$ zmadu $x_2$ lo ni tsali $x_3$ kei $x_4$	lujvo						tsali;zmadu
tsame'a	$x_1$ mleca $x_2$ lo ni tsali $x_3$ kei $x_4$	lujvo						tsali;mleca
tsapyvu'i	$v_1$=$t_2$ po'e lo taspi cu vrusi $v_2$	lujvo						tsapi;vrusi
tsekla	$x_1$ fu lo nu zutse $x_2$ cu klama fe $x_3$ fi $x_4$ fo $x_5$	lujvo						zutse;klama
tsustani	$x1$ stani $x2$ gi'e rotsu	lujvo						rotsu;stani
tsutre	lo ka tsutre cu ka ko'a goi $x_1$ ko'e goi $x_2$ ko'i goi $x_3$ ko'o goi $x_4$ ce'ai ko'a mitre ko'e ko'i noi ko'a rotsu ke'a ku'o ko'o	lujvo		.i .e'u catlu zo'e ne zo {clatre} .e zo {gantre} .e zo ce'ai .i na'i lo tsutre cu rotsu fi da poi fadni				rotsu;mitre
tubyspe	$x_1$ speni lo tunba be $x_2$ $x_3$	lujvo		.i ko catlu zo {tunba} .e zo {speni}				tunba;speni
tujbalji	$b_1$ balji $t_1$ po'u lo tujli	lujvo						tujli;balji
tumcakrespa	$x1$ respa $x2$ gi'e se calku vau bu'u lo tumla	lujvo						tumla;calku;respa
tumgre	$x_1$ pagre $x_2$ noi ke'a tumla ku'o $x_3$ $x_4$	lujvo		{tumla} {pagre}				tumla;pagre
tumsfeni'a	$c_1$ cnita lo tumsfe po'u $t_1$=$s_1$=$c_2$ ge'u $c_3$.	lujvo						tumla;sefta;cnita
tupcidni	$x_1$ cidni lo tuple be $x_2$	lujvo		{tuple}; {cidni}				tuple;cidni
tupne'o	$x_1$ cnebo $x_2$ noi ke'a tuple $x_3$	lujvo		{tuple} {cnebo}		tupne'o		tuple;cnebo
tupyjanco	$x_1$ janco lo tuple be $x_2$	lujvo		{tuple}; {janco}; {birjanco}				tuple;janco
tu'urbirka	$x_1$ birka $x_2$ gi'e tubnu da poi mapti $x_2$ gi'e so'e roi skina ku'o de poi mapti $x_2$ gi'e so'e roi ciblu ja rectu	lujvo		zbasu fi zo {tubnu} ce'o zo {birka}		tu'urbirka		tubnu;birka
tolkraice	$x_1$ tende lo ka traide $x_2$	fu'ivla
toltankomo	dubmau fa lo ni $x_1$ to'e ckaji $x_2$ ku ro da poi $x_1$ me'au $x_3$ lo ka ke'a ni ce'u ckaji $x_2$	fu'ivla
torveki	$x_1$ uenzi gi'e tordu gi'e sinxa lo ve skicu be $x_2$ bei fo $x_3$ bei fi $x_4$	fu'ivla		srana fa zo {tordu} je zo {skicu} je zo {uenzi}
trangeni	$x_1$ lingeni $x_2$ noi drata $x_3$ noi se lingeni gi'e jai se jdice ca lo nu vo'a jbena	fu'ivla
tricrpopulu	$t_1$ tricu la .populus.	fu'ivla
tritomu	$x_1$ ca'o muvdu fi lo trixe be $x_2$ bei $x_3$ be'o ku noi $x_1$ ca lo nu $x_1$ zvati ke'a na ka'e se viska lo zvati be $x_3$ ku'o fe lo na'e trixe be $x_2$ bei $x_3$ ja'e lo nu da'i $x_1$ co'a ka'e se viska lo zvati be $x_3$	fu'ivla
trostiseji	$x_1$ se jibri lo ka stidi te zu'e lo nu xagzenri'a	fu'ivla
tsafari	$x_1$ te zu'e lo nu ri zgana lo cilce stuzi ja danlu cu litru $x_2$ noi ke'a cilce rarmu'e	fu'ivla				tsafari
tsukini	$x_1$ purdi guzme la'o ly. cucurbita pepo .ly	fu'ivla		clani gi'e manku crino gi'e cidja ju se glajukpa
tsunami	$x_1$ bardytce boxna $x_2$ noi ke'a xamsi ku'o ri'a lo mu'a nu lo nuntumdesku cu rinka lo nu lo djacu pe lo xamsi cu muvdu	fu'ivla				tsunami
tsundere	$x_1$ ga'a tarti lo ka ce'u $x_2$ kusru gi'a jai jursa gi'a xebni kei gi'e mipri lo du'u ca'a prami $x_2$ .i va'i $x_1$ tarti ri'i $x_2$ la'o ponjo ツンデレ ponjo	fu'ivla
tu'itrfolo	$x_1$ zmiku te benji lo se tu'itsku be $x_2$ la .tu'ityr. ki'u lo nu $x_1$ pu cpedu	fu'ivla		{tu'itsku}		tu'itrfolo
turbaro	$x_1$ jo'u $x_2$ vu'o noi ro ke'a te gerna zo'u $x_1$ smudu'i $x_2$ .i je $x_1$ ka'e se skicu fo lo ka me $x_2$ .i je ra'u $x_2$ sapmau $x_1$ lo ka se stura ma kau	fu'ivla		ko catlu ke ji'a zo {gerna} je zo {stura} je zo {skicu} je zo {sampu}
uafli	$x_1$ fliba lo ka ce'u jimpe $x_2$ boi $x_3$	fu'ivla		.i uivla fi'o krasi zo {ua} jo'u zo {fliba} .i va'i x1 troci je nai ku'i snada lo ka jimpe x2 boi x3 .i ja'o drata zo {jmisre} noi ke'a zo'u x1 jimpe x2 boi x3 gi'e ku'i toldra lo ka makau se jimpe fi x3
uakci	$x_1$ fai lo ka se viska $x_2$ cu jai rinka lo nu $x_2$ co'a krici lo du'u lo munje poi $x_1$ pagbu je noi $x_2$ ganse na fatci	fu'ivla		ca'e smudu'a fi lo mi cmene
u'a nai	tcita le se cusku le du'u la'e ri tolprali le cusku	cmavo-compound		{u'a} {nai}; {tolprali}		u'anai	UI*
ua nai	tcita le se cusku le du'u la'e ri cfipu le cusku	cmavo-compound		{ua} {nai}; {cfipu}		uanai	UI*
ubutycys zei cacra	$c_1$ cacra $c_2$ la'o gy.Coordinated Universal Time.gy. po'u la'o gy.UTC.gy. no'u la .ubutycys.	zei-lujvo
u'anmo	$x_1$ .u'a zei cinmo $x_2$ .i $x_1$ cinmo lo ka ce'u jinga ja te prali ja se cnemu ja lo ka ce'u soi ke'a zabna cu co'a ckaji lo cnino kei $x_2$	fu'ivla		{a'anmo}; {a'enmo}; {a'inmo}; {a'onmo}; {a'unmo}; {ainmo}; {aunmo}; {i'anmo}; {i'enmo}; {i'inmo}; {i'onmo}; {i'unmo}; {ianmo}; {ienmo}; {iinmo}; {ionmo}; {iunmo}; {o'anmo}; {o'enmo}; {o'inmo}; {o'onmo}; {o'unmo}; {oinmo}; {u'enmo}; {u'inmo}; {u'onmo}; {u'unmo}; {uanmo}; {uenmo}; {uinmo}; {uonmo}; {uunmo}		u'anmo
uanmo	$x_1$ ua zei cinmo $x_2$ .i $x_1$ cinmo lo ka ce'u facki ja co'a sanji ja co'a jimpe kei $x_2$	fu'ivla		{a'anmo}; {a'enmo}; {a'inmo}; {a'onmo}; {a'unmo}; {ainmo}; {aunmo}; {i'anmo}; {i'enmo}; {i'inmo}; {i'onmo}; {i'unmo}; {ianmo}; {ienmo}; {iinmo}; {ionmo}; {iunmo}; {o'anmo}; {o'enmo}; {o'inmo}; {o'onmo}; {o'unmo}; {oinmo}; {u'anmo}; {u'enmo}; {u'inmo}; {u'onmo}; {u'unmo}; {uenmo}; {uinmo}; {uonmo}; {uunmo}		uanmo
uatno	$x_1$ pi'ai ki'ogra mitre te'ai re snidu te'ai ni'uci boi $x_2$	fu'ivla		{dikca} {klani} be fi lo {sornairauci'e}
u bu	pasomoi lerfu le lojbo	bu-letteral		{lerfu}		U;ubu	BY*
uebjugau	.i $x_1$ jungau $x_2$ lo du'u $x_4$ .urli $x_3$	fu'ivla		.i .e'u catlu fe ji'a zo {urli}		.urli jungau
ue cu'i	tcita le se cusku le du'u la'e ri na'e spaji le cusku	cmavo-compound		{ue} {cu'i}; {na'e} {spaji}		uecu'i	UI*
uegle'i	$x_1$ zukte ja ckaji $x_2$ pa'a lo nu $x_1$ sezgle (to ku'i na rinka tu'a lo panzi toi) .i lo nu $x_1$ ckaji $x_2$ cu rinka lo nu $x_1$ cintolcando ju la'a glevi'i noi pluka ja se djica $x_1$	fu'ivla
ue'inmo	$x_1$ cinmo fi $x_2$ fe lo ka to'e cando gi'e djica lo nu sutra lifri kei gi'e xanka ja gleki	fu'ivla
te'oi	ro bu'a zo'u le ka ce'u te'oi bu'a cu ka ca ce'u bu'a	experimental cmavo		srana fa zo {xe'ei}			NU
tu'ai	tcita le se li'erla'i selsku le du'u sucta la'e ri .i krasi lo te sitna noi se fanmo zo li'u	experimental cmavo		.i lu {tu'ai} selsku {li'u} li'u dunli lu {tu'a} {la'e} {lu} selsku {li'u} {lu'u} {lu'u} li'u lo ka smuni .i mupli fa lu lo xindo cu facki tu'ai no li'u li'u .i srana zo {xu'u}			LU
ue'i	sei ue'inmo	experimental cmavo		.i {ue'inmo}			UI1
u'e nai	tcita le se cusku le du'u la'e ri fadni	cmavo-compound		{u'e} {nai}; {fadni}		u'enai	UI*
ue nai	tcita le se cusku le du'u la'e ri se la'erji'i le cusku	cmavo-compound		{ue} {nai}; {la'erji'i}		uenai	UI*
vasru	$x_1$ se nenri $x_2$ .a lo pagbu be $x_2$	gismu	vas;vau;vasr;vasru	{nenri}; {pagbu}; {vautci}
vasxu	$x_1$ cpagau lo fepri $x_2$ noi vacri ku'u gi'e vimcu $x_2$ boi fy	gismu	vax;va'u;vasx;vasxu	{vacri}; {cpagau}; {vimcu}; {fepri}
vecnu	$x_1$ canja $x_2$ fo $x_3$ fi $x_4$ noi jdini	gismu	ven;ve'u;vecn;vecnu
venfu	$x_1$ zukte fi lo ka sfasa $x_2$ fi $x_3$ noi xrani $x_1$ kei fe $x_4$	gismu	vef;venf;venfu	{zukte}; {sfasa}; {xrani}
vensa	$x_1$ citsi lo ka glaze'a kei $x_2$ tu'i $x_3$ gi'e se lidne lo dunra gi'e lidne lo crisa	gismu	ves;vens;vensa	{citsi}; {glaze'a}; {crisa}; {critu}; {dunra}
verba	$x_1$ na'e mulba'o je na'e makcu prenu	gismu	ver;ve'a;verb;verba	{mulba'o}; {makcu}; {prenu}; {cifnu}
vibna	$x_1$ pluta terjo'e lo vlagi be $x_2$ lo gutra be $x_2$	gismu	vib;vibn;vibna	{pluta}; {terjo'e}; {vlagi}; {gutra}
vidru	$x_1$ mutce cmalu (to nanvi lo mitre be li 20 ji'i 300 toi) no'e jmive gi'e ckaji $x_2$ gi'e parji $x_3$ noi selci lo jmive	gismu	vir;vidr;vidru	{mutce}; {cmalu}; {nanvi}; {mitre}; {no'e}; {jmive}; {ckaji}; {parji}; {selci}
vifne	$x_1$ cnino lo ka se cpacu kei gi'e na ba'o fusra	gismu	vif;vifn;vifne	{cnino}; {cpacu}; {fusra}
vikmi	ze'o $x_1$ noi xadni ku'o $x_2$ noi festi cu muvdu lo bartu be lo xadni $x_3$ boi $x_4$	gismu	vim;vi'i;vikm;vikmi	.i zo {cigla} .i zo {kalci} .i zo {pinca} .i zo {xasne}
viknu	$x_1$ denmi ja snipa ja tilju litki	gismu	vik;vikn;viknu	{denmi}; {snipa}; {tilju}; {litki}
vimcu	$x_1$ lebna $x_2$ boi $x_3$ ja'e $x_4$ i $x_1$ gasnu lo nu $x_3$ jdika fi $x_2$ ja'e $x_4$	gismu	vic;vi'u;vimc;vimcu			vimcu
virnu	$x_1$ na jai se fanta lo ka terpa kei fai lo ka zukte $x_2$ noi nandu ja jursa ja ckape ja crori'a	gismu	vri;virn;virnu	{fanta}; {terpa}; {zukte}; {nandu}; {jursa}; {ckape}; {crori'a}
viska	$x_1$ ganse $x_2$ lo'e kanla be $x_1$ boi $x_3$	gismu	vis;vi'a;visk;viska	{kanla} {ganse}
vitci	lo nu $x_1$ ckaji $x_2$ cu cunso rapli .i $x_1$ to'e dikni $x_2$	gismu	vit;vitc;vitci	{ckaji}; {cunso}; {rapli}; {dikni}
vitke	$x_1$ klama lo zdani ja se zvati be $x_2$ gi'e zasni lo ka kansa $x_2$ $x_3$	gismu	vi'e;vitk;vitke	{klam}; {zdani}; {zvati}; {zasni}; {kansa}
vitno	$x_1$ ze'e stodi $x_2$	gismu	vi'o;vitn;vitno	{stodi} .i {zasni} .i {cenba}
vlagi	$x_1$ bartu pagbu lo rorci rango be $x_2$ noi fetsi	gismu	lag;vlag;vlagi	{bartu}; {pagbu}; {rorci}; {rango}; {fetsi}
vlile	$x_1$ nu na'e jitro je tsali je jursa bapli	gismu	vil;vlil;vlile	{jitro}; {tsali}; {jursa}; {bapli}
vlina	$x_1$ du'u ga $x_2$ gi $x_3$ jetnu	gismu	vlin;vlina	{du'u}; {ga}; {jetnu}; {kanxe}; {natfe}
vlipa	$x_1$ kakne lo ka zukte ja akti $x_2$ .i $x_1$ kakne $x_2$ noi ka gasnu	gismu	vli;vlip;vlipa	{kakne}; {zukte}; {akti}; {tsali}; {ruble}; {gasnu}
vofli	$x_1$ litru lo vacri $x_2$	gismu	vol;voi;vofl;vofli	{litru}; {vacri}; {cipni}; {nalci}; {vinji}; {sfubu}
voksa	$x_1$ sance $x_2$ gi'e se cupra sepi'o lo'e fepri be $x_2$ noi kamjyterbo'u	gismu	vok;vo'a;voks;voksa	{sance}; {fepri}; {bacru}; {krixa}; {cmoni}
vorme	$x_1$ te sepli $x_2$ $x_3$ gi'e ka'e se pagre .i $x_1$ to'e bitmu $x_2$ $x_3$	gismu	vor;vro;vorm;vorme	{sepli}; {pagre}; {canko}; {ganlo}; {kalri}; {bitmu}
vreji	$x_1$ sorcu lo marji sinxa be $x_2$ $x_3$	gismu	rej;vei;vrej;vreji	{sorcu}; {marji}; {sinxa}
vreta	$x_1$ zasni lo ka lo xadni be ce'u cu pinta gi'e cpana $x_2$	gismu	vre;vret;vreta	{zasni}; {xadni}; {pinta}; {cpana}; {sanli}; {zutse}; {ckana}
vrici	$x_1$ ckaji $x_2$ ije lo pagbu be $x_1$ cu simxu lo ka ce'u ce'u frica $x_2$ i $x_1$ to'e manfo $x_2$	gismu	vric;vrici	{frica}, {manfo}
vrude	$x_1$ zabna $x_2$ ma'i lo marde .i $x_1$ to'e palci $x_2$	gismu	vud;vu'e;vrud;vrude	{zabna}; {marde}; {palci}
vrusi	$x_1$ se krasi $x_2$ gi'e ka'e se ganse fi lo'e moklu	gismu	vus;vu'i;vrus;vrusi	{titla}; {slari}; {kurki}; {jvinu}; {sance}; {panci}; {tengu}
vukro	$x_1$ ckini lo kulnu ja bangu ja cecmu ja natmi pe lo bangukuru ja gugde'u'a $x_2$	gismu	vur;vu'o;vukr;vukro	{kulnu}; {bangu}; {cecmu}; {natmi}; {bangukuru}; {gugde'u'a}; {slovo}; {ropno}; {softo}
xabju	$x_1$ stodi ja jai cafne lo ka zvati $x_2$ .i $x_1$ se zdani $x_2$	gismu	xa'u;xabj;xabju	{stodi}; {cafne}; {zvati}; {zdani}
xadni	$x_1$ stura lo se marji be $x_2$	gismu	xad;xadn;xadni	{stura}; {marji}
xagji	$x_1$ djica ja nitcu $x_2$ noi cidja ku'o lo ka citka $x_2$	gismu	xagj;xagji	{djica}; {nitcu}; {cidja}; {citka}; {taske}
xagri	$x_1$ tubnu zgitci gi'e se pagbu $x_2$ noi cmalu je toltinsa spisa lo stani .a lo jinme gi'e jorne lo moklu be $x_1$ gi'e slilu gau lo flecu be lo vacri gi'e sligau lo vacri poi nenri lo tubnu	gismu	xagr;xagri
xajmi	$x_1$ jai se jalge lo nu $x_2$ cmila ja se zdile kei fai $x_3$	gismu	xam;xajm;xajmi	{jalge}; {cmila}; {zdile}; {bebna}; {fenki}; {cizra}; {cinri}, {spaji}
xaksu	$x_1$ pilno je daspo $x_2$ .i $x_1$ pilno $x_2$ co'u lo nu lo no si'e be $x_2$ cu stali	gismu	xak;xaks;xaksu	{pilno}; {daspo}; {stali}
xalbo	$x_1$ zukte ja ckaji $x_2$ se cau lo ka vajni .i $x_1$ to'e junri $x_2$	gismu	xalb;xalbo	{vajni}; {junri}
xalka	$x_1$ skacau je klina je febysutra je jelka'e litki gi'e se krasi $x_2$ gi'e se vrusi lo cpina gi'e jicmu lo jikru gi'e kakne lo ka kansa lo djacu lo ka se mixre	gismu	xal;xalk;xalka	{jikru}; {birje}; {vanju}
xalni	$x_1$ suksa je carmi lo ka terpa $x_2$	gismu	xaln;xalni	{suksa}; {carmi}; {terpa}
xamgu	$x_1$ gasnu ja rinka ja cupra lo prali be $x_2$ .i $x_1$ gasnu lo nu $x_2$ zenba lo ka zabna .i $x_1$ to'e xlali $x_2$	gismu	xag;xau;xamg;xamgu	{gasnu}; {rinka}; {cupra}; {prali}; {zenba}; {zabna}; {xlali}	va'u
xamsi	$x_1$ se stuzi $x_2$ gi'e barda marji $x_2$ noi litki gi'e na'o silna djacu	gismu	xas;xams;xamsi	{stuzi}; {barda}; {marji}; {litki}; {silna}; {djacu}; {lalxu}; {rirxe}; {ctaru}; {daplu}; {tumla}; {zbani}; {vacri}
xance	$x_1$ jgari pagbu lo xadni be $x_2$ gi'e fanmo lo birka gi'e se pagbu lo degji jo'u lo tamji	gismu	xan;xa'e;xanc;xance	{jgari}; {pagbu}; {xadni}; {fanmo}; {birka}; {degji}; {tamji}; {jamfu}
xanka	$x_1$ to'e kufra lo ka terpa ja kanpe $x_2$ noi fange ja nandu ja ckape ja raktu ja nabmi ja malfu'a $x_1$	gismu	xank;xanka	{kufra}; {terpa}; {kanpe}; {fange}; {nandu}; {ckape}; {raktu}; {nabmi}; {malfu'a}
xanri	$x_1$ zasti lo na'e fatci noi ke'a se pensi $x_2$ .i $x_1$ sidbo ja se pensi ja se senva $x_2$	gismu	xar;xanr;xanri	lo xanri ka'e fatci; {zasti}; {fatci}; {menli}; {pensi}; {sidbo}; {senva}		xanri
xarci	$x_1$ tutci lo nu $x_3$ gunta ja badyse'i $x_2$	gismu	xac;xa'i;xarc;xarci	{tutci}; {gunta}; {badyse'i}
xarnu	$x_1$ na bredi lo ka cenba ja sisti $x_2$	gismu	xarn;xarnu	{bredi}; {cenba}; {sisti}
xasne	$x_1$ silna jausmi se vikmi $x_2$ $x_3$ noi pilka cigla	gismu	xasn;xasne	{silna}; {jausmi}; {vikmi}; {pilka}; {cigla}
xatra	$x_1$ se ciska notci fo $x_2$ fi $x_3$ fe $x_4$	gismu	xa'a;xatr;xatra	{ciska}; {notci}
xatsi	$x_1$ klani li gei ni'u pa bi $x_2$	gismu	xat;xats;xatsi	{klani}; {centi}; {decti}; {dekto}; {femti}; {gigdo}; {gocti}; {gotro};{gradu}; {kilto}; {megdo}; {mikri}; {milti}; {nanvi}; {petso}; {picti}; {terto}; {xecto}; {xexso}; {zepti}; {zetro}
xebni	$x_1$ to'e prami $x_2$	gismu	xen;xei;xebn;xebni	{prami}; {nelci}; {rigni}
xebro	$x_1$ ckini lo kulnu ja bangu ja cecmu ja natmi pe lo banxe'ebu ja gugde'ilu $x_2$	gismu	xeb;bro;xebr;xebro	{kulnu}; {bangu}; {cecmu}; {natmi}; {banxe'ebu}; {gugde'ilu}; {semto}; {xazdo}
xecto	$x_1$ klani li gei re $x_2$	gismu	xet;cto;xect;xecto	{klani}; {centi}; {decti}; {dekto}; {femti}; {gigdo}; {gocti}; {gotro}; {gradu}; {kilto}; {megdo}; {mikri}; {milti}; {nanvi}; {petso}; {picti}; {terto}; {xatsi}; {xexso}; {zepti}; {zetro}
xedja	$x_1$ pagbu lo flira be $x_2$ gi'e gacri lo bongu poi greku lo moklu	gismu	xej;xe'a;xedj;xedja	{pagbu}; {flira}; {gacri}; {bongu}; {greku}; {moklu}
xekri	$x_1$ skari lo'e kolme .a lo'e na'e gusni	gismu	xek;xe'i;xekr;xekri	{skari}; {kolme}		xekri
xelso	$x_1$ ckini lo kulnu ja bangu ja cecmu ja natmi pe lo baurgurucu ja bangelulu ja gugdeguru $x_2$	gismu	xes;xels;xelso	{kulnu}; {bangu}; {cecmu}; {natmi}; {baurgurucu}; {bangelulu}; {gugdeguru}; {ropno}
xendo	lo nu $x_1$ tarti $x_3$ cu xamgu ja sidju $x_2$ .i $x_1$ jarco ta'i $x_3$ lo ka ce'u se vajni ja se cinri $x_2$ kei .e lo ka djica lo xamgu be $x_2$ .i $x_1$ to'e kusru $x_2$	gismu	xed;xe'o;xend;xendo	srana fa zo {xamgu} .e zo {cinmo} .e zo {kecti} .e zo {pendo} .e zo {kusru}		xendo
xenru	$x_1$ djica lo ka na ckaji ja zukte $x_2$ noi $x_1$ ke'a ja'a ckaji ja zukte	gismu	xer;xe'u;xenr;xenru	{djica}; {ckaji}; {zukte}; {zungi}; {u'u}
xexso	$x_1$ klani li gei pa bi $x_2$	gismu	xex;xexs;xexso	{klani}; {centi}; {decti}; {dekto}; {femti}; {gigdo}; {gocti}; {gotro}; {gradu}; {kilto}; {megdo}; {mikri}; {milti}; {nanvi}; {petso}; {picti}; {terto}; {xatsi}; {xecto}; {zepti}; {zetro}
xindo	$x_1$ ckini lo kulnu ja bangu ja cecmu ja natmi pe lo banxe'inu ja gugde'inu $x_2$	gismu	xin;xind;xindo	{kulnu}; {bangu}; {cecmu}; {natmi}; {banxe'inu}; {gugde'inu};{xazdo}; {xurdo}; {srito}
xinmo	$x_1$ litki gi'e to'e klina gi'e skari $x_2$ noi carmi vau gi'e ka'e se vasru $x_3$ noi ve ciska	gismu	xim;xinm;xinmo	{penbi}
xirma	$x_1$ barda je spacti gi'e mabru $x_2$ noi jutsi la'o jutsi. Equus ferus .jutsi ku'o gi'e se sufti gi'e se degji vo da	gismu	xir;xi'a;xirm;xirma	srana fa zo {mabru} .e zo {sufti}
xislu	$x_1$ cukla tutci lo ka gunro ja carna kei gi'e pagbu $x_2$ noi marce ja cabra	gismu	xil;xi'u;xisl;xislu	{cukla}; {tutci}; {gunro}; {carna}; {pagbu}; {marce}; {cabra}
xlali	$x_1$ gasnu ja rinka ja cupra lo to'e prali be $x_2$ .i $x_1$ xrani ja crogau $x_2$ .i $x_1$ gasnu lo nu $x_2$ zenba lo ka mabla .i $x_1$ to'e xamgu $x_2$	gismu	xla;xlal;xlali	{gasnu}; {rinka}; {cupra}; {prali}; {xrani}; {crogau}; {zenba}; {mabla}; {xamgu}
xlura	$x_1$ jai se jalge lo nu $x_2$ tende ja djica ja .aidji $x_3$ kei fai $x_4$	gismu	xlu;xlur;xlura	{jalge}; {tende}; {djica}; {aidji}; {trina}; {mukti}; {jitro}; {minde}; {stidi}; {kajde}
xotli	$x_1$ dinju lo ka zasni se xabju lo litru gi'e se stuzi $x_2$ gi'e se sazri $x_3$	gismu	xol;xoi;xotl;xotli	{dinju}; {zasni}; {xabju}; {litru}; {stuzi}; {sazri}
xrabo	$x_1$ ckini lo kulnu ja bangu ja cecmu ja natmi pe lo bangaru'a $x_2$	gismu	rab;xrab;xrabo	{kulnu}; {bangu}; {cecmu}; {natmi}; {bangaru'a}; {xazdo}; {friko}; {semto}; {sadjo}; {lubno}; {rakso}; {sirxo}; {filso}; {misro}
xrani	$x_1$ gasnu lo nu $x_2$ spofu $x_3$ gi'a jdika lo ka tolpo'u $x_3$	gismu	xai;xran;xrani	{gasnu}; {spofu}; {jdika}; {tolpo'u}; {daspo}; {cortu}; {porpi}
xruba	$x_1$ gurni ja spati $x_2$ noi jutsi la'o jutsi Polygonaceae jutsi	gismu	xub;xrub;xruba	{spati}
xruki	$x_1$ barda cipni $x_2$ noi jutsi la'o lanzu Meleagrididae lanzu	gismu	xuk;xruk;xruki	{barda}; {cipni}; {jutsi}; {jipci}; {datka}; {gunse}
xruti	$x_1$ di'a ckaji $x_2$ noi ke'a basti $x_3$ noi $x_1$ co'u ckaji ke'a	gismu	xru;xrut;xruti	ko catlu zo {xrukla} je zo {zvaxru} je zo {kaicne}		xruti
xunre	$x_1$ skari lo'e ciblu .a lo'e gusni poi traji le ka boxna clani kei le zmadu lei ka'e se viska be lo'e remna	gismu	xun;xu'e;xunr;xunre	{skari}; {ciblu}		xunre
xurdo	$x_1$ ckini lo kulnu ja bangu ja cecmu ja natmi pe lo bangurudu $x_2$	gismu	xur;xu'o;xurd;xurdo	{kulnu}; {bangu}; {cecmu}; {natmi}; {bangurudu}; {xazdo}; {kisto}; {xindo}
xusra	$x_1$ jungau da lo du'u $x_1$ jinvi ja birti $x_2$	gismu	xus;xu'a;xusr;xusra	srana fa zo {jinvi} .e zo {birti}
xutla	$x_1$ se tengu lo manfo .i $x_1$ to'e rufsu	gismu	xul;xutl;xutla	{manfo}; {tengu}; {rufsu}
zabna	$x_1$ xamgu ja trina ja melbi ja pluka ja mansa fi $x_2$ fe $x_3$ .i $x_1$ to'e mabla $x_2$ $x_3$	gismu	zan;za'a;zabn;zabna	{xamgu}; {trina}; {melbi}; {pluka}; {mansa}; {mabla}
zajba	$x_1$ certu ja stati $x_2$ gi'e tigni ja tarti $x_2$	gismu	zaj;zajb;zajba	{certu}; {stati}; {tigni}; {tarti}
zalvi	$x_1$ marxa ja jai galfi $x_2$ boi $x_3$ noi purmo	gismu	zal;zalv;zalvi	{daspo} .i {purmo} .i {marxa} .i {pulce} .i {canre} .i {molki}
zanru	$x_1$ jinvi lo zabna $x_2$	gismu	zar;zau;zanr;zanru	{jinvi}; {zabna}	zau
zarci	$x_1$ dinju ja stuzi lo nu $x_2$ se vecnu ja se canja $x_3$	gismu	zac;zai;zarc;zarci	{dinju}; {stuzi}; {vecnu}; {canja}
zargu	$x_1$ trixe pagbu lo xadni be $x_2$ gi'e sruri lo ganxo	gismu	zag;za'u;zarg;zargu	{trixe}; {pagbu}; {xadni}; {sruri}; {ganxo}
zasni	$x_1$ ze'i stodi $x_2$ .i $x_1$ to'e vitno $x_2$	gismu	zas;zasn;zasni	{stodi} .i {vitno} ,i {cenba}
zasti	lo nu su'o da zo'u da me $x_1$ ku se manri $x_2$ boi $x_3$	gismu	zat;za'i;zast;zasti	{manri}, {me}, {da}
zbabu	$x_1$ marji $x_3$ gi'e se krasi $x_2$ noi na'o grasu jo'u jilka ku'o gi'e se pilno fi lo ka ve lumci	gismu	bab;zbab;zbabu	{marji}; {krasi}; {grasu}; {jilka}; {pilno}; {lumci}
zbasu	$x_1$ gasnu lo nu $x_2$ co'a zasti kei ta'i lo nu kansimgau $x_3$ lo ka pagbu ja se marji $x_2$	gismu	zba;zbas;zbasu	{gasnu}; {zasti}; {kansimgau}; {pagbu}; {marji}; {cupra}; {finti}; {gundi}; {rutni}; {larcu}
zbepi	$x_1$ se cpana je sarji $x_2$ gi'e marji $x_3$	gismu	zbe;zbep;zbepi	{cpana}; {sarji}; {marji}
zdani	$x_1$ se xabju $x_2$ gi'e marbi ja kufygau $x_2$	gismu	zda;zdan;zdani	{xabju}; {marbi}; {kufygau}; {dinju}; {ginka}
zdile	lo nu $x_1$ ckaji $x_3$ cu ralte lo ka pluka je se jundi $x_2$	gismu	zdi;zdil;zdile	{ckaji}; {ralte}; {pluka}; {jundi}; {cinri}; {xajmi}; {kelci}
zenba	$x_1$ cenba $x_2$ boi $x_3$ ja'e lo nu lo fanmo cu zmadu lo krasi $x_2$	gismu	zen;ze'a;zenb;zenba
zepti	$x_1$ klani li gei ni'u re pa $x_2$	gismu	zep;zept;zepti	{klani}; {centi}; {decti}; {dekto}; {femti}; {gigdo}; {gocti}; {gotro};{gradu}; {kilto}; {megdo}; {mikri}; {milti}; {nanvi}; {petso}; {picti}; {terto}; {xatsi}; {xecto}; {xexso}; {zetro}
zetro	$x_1$ klani li gei re pa $x_2$	gismu	zet;zetr;zetro	{klani}; {centi}; {decti}; {dekto}; {femti}; {gigdo}; {gocti}; {gotro}; {gradu}; {kilto}; {megdo}; {mikri}; {milti}; {nanvi}; {petso}; {picti}; {terto}; {xatsi}; {xecto}; {xexso}; {zepti}
zgana	$x_1$ jundi $x_2$ gi'e ganse $x_2$ boi $x_3$	gismu	zga;zgan;zgana	{jundi} .i {ganse} .i {lanli}	ga'a
zgike	$x_1$ se rilti sance $x_2$ gi'e gunma lo tonga gi'e se stura lo pluka je saxsi'u	gismu	zgi;gi'e;zgik;zgike	{rilti}; {sance}; {gunma}; {tonga}; {stura}; {pluka}; {saxsi'u}
zifre	no da se rinju $x_1$ $x_2$ .i $x_1$ na bilga lo ka na zukte ja ckaji $x_2$	gismu	zif;zi'e;zifr;zifre	{rinju}; {bilga}; {curmi}; {kakne}
zirpu	$x_1$ skari lo mixre be lo blanu jo'u lo xunre	gismu	zir;zi'u;zirp;zirpu	{skari}; {blanu}; {xunre}
zmadu	lo se me'au $x_3$ be $x_1$ lo se me'au $x_3$ be $x_2$ cu dubmau gi'e sumji $x_4$	gismu	zma;mau;zmad;zmadu	srana fa zo {dubmau} .e zo {mleca} .e zo {dunli} .e zo {frica}	mau
zmiku	$x_1$ sefsi lo ka ce'u sazri ce'u $x_2$	gismu	zmi;zmik;zmiku	{sazri}; {sefsi}; {sazyse'i}
zukte	$x_1$ gasnu lo nu $x_1$ ckaji $x_2$ kei mu'i lo nu $x_1$ kanpe lo nu lo nu $x_1$ ckaji $x_2$ cu se jalge $x_3$	gismu	zuk;zu'e;zukt;zukte		zu'e	zukte
zumri	$x_1$ gurni ja spati $x_2$ noi jutsi la'o jutsi Zea mays jutsi	gismu	zmu;zumr;zumri	{gurni}; {spati}; {jutsi}
zungi	$x_1$ cinmo lo ka fuzme lo nu $x_1$ zukte ja ckaji $x_2$ noi $x_1$ jinvi lo du'u ke'a zekri ja palci ja xlali .i $x_1$ to'e jgira $x_2$	gismu	zug;zung;zungi	{cinmo}; {fuzme}; {zukte}; {ckaji}; {jinvi}; {zekri}; {palci}; {xlali}; {jgira}
zunle	$x_1$ zvati lo mlana be $x_2$ be'o poi se farna lo stici va'o lo nu $x_2$ se farna lo berti .i $x_1$ to'e pritu $x_2$	gismu	zul;zunl;zunle	{zvati}; {mlana}; {farna}; {stici}; {berti}; {pritu}
zunti	$x_1$ jai se jalge lo nu $x_2$ fliba lo ka drani ja mulno ja zabna lo ka fasnu kei kei fai $x_3$	gismu	zun;zu'i;zunt;zunti	{jalge}; {fliba}; {drani}; {mulno}; {zabna}; {fasnu}; {dicra}; {fanta}; {fanza}; {raktu}
zutse	$x_1$ zasni lo ka lo zargu be ce'u cu cpana $x_2$ gi'e sarji lo xadni be ce'u	gismu	zut;tse;zuts;zutse	{zasni}; {zargu}; {cpana}; {sarji}; {xadni}; {sanli}; {vreta}; {stizu}; {sfofa}
zvati	$x_1$ dunli $x_2$ le ka ce'u fasnu bu'u makau	gismu	zva;zvat;zvati	{bu'u}		zvati
u'i	tcita le se cusku le du'u la'e ri zdile ja xajmi le cusku	cmavo		{zdile}; {xajmi}		u'i	UI1
ui	tcita le se cusku le du'u la'e ri se gleki le cusku	cmavo		{gleki}		ui	UI1
u'o	tcita le se cusku le du'u la'e ri se virnu le cusku	cmavo		{virnu}		u'o	UI1
uo	tcita le se cusku le du'u la'e ri mulno	cmavo		{mulno}		uo	UI1
va'u	fi'o {xamgu}	cmavo		{xamgu}		va'u	BAI
vau	fa'orma'o .i fanmo lo sampu bridi .i te sepli lei kampu sumti be lo pluja bridi	cmavo		{fa'orma'o}; {sampu} {bridi} {fanmo}		vau	VAU
ve	tcita lo selbrisle le du'u le pamoi sumti cu simbasti le vomoi sumti	cmavo	vel	{se}, {te}, {xe}, {jai}		ve	SE
ve'a	fi'o {canlu}	cmavo		{canlu}; na sarcu fa le du'u su'ocida cimde		ve'a	VEhA
ve'e	fi'o piromei canlu	cmavo	ve'e	{piromei} {canlu}; na sarcu fa le du'u su'ocida cimde		ve'e	VEhA
ve'i	fi'o cmalu canlu	cmavo		{cmalu} {canlu}; na sarcu fa le du'u su'ocida cimde		ve'i	VEhA
vei	krasi lo mekso noi se fanmo zo ve'o	cmavo		{mekso} {krasi}; {ve'o}		vei	VEI
ve'o	fa'orma'o zo vei	cmavo		{fa'orma'o}; {vei}		ve'o	VEhO
ve'u	fi'o barda canlu	cmavo		{barda} {canlu}; na sarcu fa le du'u su'ocida cimde		ve'u	VEhA
vi	fi'o cmalu tersei be le fasnu bei le manri	cmavo	viz	{cmalu} {tersei}		vi	VA
vi'a	fi'o {plita}	cmavo		{plita}		vi'a	VIhA
vi'e	fi'o {vonca'u}	cmavo		{vonca'u}, {vi'a}, {vi'i}, {vi'u}		vi'e	VIhA
vi'i	fi'o {linji}	cmavo		{linji}		vi'i	VIhA
vi'o	tcita lo cmene ja ve skicu le du'u sinxa le du'u makau te cusku .e le du'u le cusku ba cpezu'e fi le te cusku	cmavo		{doi}; {cpezu'e}		vi'o	COI
vi'u	fi'o {canlu}	cmavo		{canlu}; cida cimde		vi'u	VIhA
vo	namcu .i sumji li ci li pa .i se li'erla'i li ci lei kancu namcu	cmavo	von			4;vo	PA
vo'a	simka'i le nei	cmavo		{nei}		vo'a	KOhA4
vo'e	simka'i le se nei	cmavo		{simka'i}, {nei}		vo'e	KOhA4
vo'i	simka'i le te nei	cmavo		{simka'i}, {nei}		vo'i	KOhA4
voi	te jorne lo sumti lo ra'abri be ri .i tcita le se li'erla'i bridi le du'u ri velski la'e le li'erla'i su'ivla	cmavo		{velski} {bridi}; {poi}; {noi}		voi	NOI
vo'o	simka'i le ve nei	cmavo		{nei}		vo'o	KOhA4
vo'u	simka'i le xe nei	cmavo		{nei}, {simka'i}		vo'u	KOhA4
vu	fi'o barda tersei be le fasnu bei le manri	cmavo	vuz	{barda} {tersei}		vu	VA
vu'a	fi'o se stici	cmavo		{stici}		vu'a	FAhA1
vu'e	sinxa le du'u le cusku cu vrude	cmavo		{vrude}		vu'e	UI5
vu'i	sumgadri le se li'erla'i sumti le du'u sinxa lo porsi be fi ri	cmavo		{porsi} {sumgadri}; {ce'o}		vu'i	LAhE
vu'o	te jorne lo ra'abri ja ra'arsu'i lo mulno ke pluja sumti .a lo sumti jonja'e	cmavo		{clani} {kuspe} {srana}		vu'o	VUhO
vu'u	mekfancu .i li abu vu'u by du le selsumji be abu bei by	cmavo		{mekfancu}; {selsumji}		vu'u	VUhU1
vy	renomoi lerfu le lojbo	cmavo		{lerfu}		V;vy	BY2
xa	namcu .i sumji li mu li pa .i se li'erla'i li mu lei kancu namcu	cmavo	xav			6;xa	PA1
xe	tcita lo selbrisle le du'u le pamoi sumti cu simbasti le mumoi sumti	cmavo	xel	{se}, {te}, {ve}, {jai}		xe	SE
xi	te jorne lo namcu ja lerpoi le li'erla'i terge'a	cmavo				xi	XI
xo	preti le du'u makau namcu	cmavo		{namcu} {preti}		xo	PA5
xu	tcita lo se cusku le du'u la'e ri preti le du'u jetnu jikau jitfa	cmavo		{jetnu} {jitfa} {preti}		xu	UI6
xy	repamoi lerfu le lojbo	cmavo		{lerfu}		X;xy	BY2
y	smafanta selba'u .i se pilno fi le nu ralte le nu le te cusku cu jundi kei ze'a le nu le cusku cu jdice le du'u cusku makau	cmavo		{smafanta} {selba'u}		y	Y
y'y	recimoi lerfu le lojbo	cmavo		{lerfu}		y'y	BY2
za	fi'o temci be le fasnu bei le manri	cmavo		{temci}		za	ZI
za'a	tcita le se cusku le du'u la'e ri se zgana	cmavo		{zgana}		za'a	UI2
za'i	galfi lu'e lo bridi lo selbrisle .i $x_1$ tcini gi'e se sinxa lu'e le bridi	cmavo	zaz	{tcini}		za'i	NU1
zai	tcita le se li'erla'i lerfu le du'u ri sinxa le du'u le mokau selyle'u co'a se pilno	cmavo		{lerfu}; {selyle'u} {sinxa}		zai	LAU
za'o	fi'o se mulbacysta	cmavo	za'o	{mulbacysta}		za'o	ZAhO
za'u	namcu .i zmadu li pa .a le se li'erla'i namcu	cmavo		{namcu}; {zmadu}		za'u	PA
zau	fi'o {zanru}	cmavo		{zanru}		zau	BAI
ze	namcu .i sumji li xa li pa .i se li'erla'i li xa lei kancu namcu	cmavo	zel			7;ze	PA1
ze'a	fi'o {krafamtei}	cmavo		{krafamtei}		ze'a	ZEhA
ze'e	fi'o cimni krafamtei	cmavo	ze'e	{cimni} {krafamtei}		ze'e	ZEhA
ze'i	fi'o cmalu krafamtei	cmavo		{cmalu} {krafamtei}		ze'i	ZEhA
zei	te jorne le li'erla'i valsi le se li'erla'i valsi ja'e lo lujvo	cmavo				zei	ZEI
ze'o	fi'o se ragve	cmavo	zev;ze'o	{ragve}		ze'o	FAhA4
ze'u	fi'o barda krafamtei	cmavo		{barda} {krafamtei}		ze'u	ZEhA
zi	fi'o cmalu temci be le fasnu bei le manri	cmavo		{cmalu} {temci}		zi	ZI
zi'e	te jorne le li'erla'i ra'abri le se li'erla'i ra'abri ja'e lo kampu selra'a	cmavo		{ra'abri} {terjo'e}		zi'e	ZIhE
zi'o	sumka'i lo norsu'i .i vimcu lo sumti le selbri	cmavo	zil	{sumka'i}; {norsu'i}		zi'o	KOhA
zo	tcita le pa se li'erla'i valsi le du'u sinxa ri	cmavo		{valsi} {sinxa}		zo	ZO
zo'a	fi'o se noryragve	cmavo	zon;zo'a	{noryragve}; {zo'i}; {ze'o}		zo'a	FAhA4
zo'e	sumka'i lo co'e	cmavo		{sumka'i}; {co'e}		zo'e	KOhA
zo'i	fi'o se tolragve	cmavo	zor;zo'i	{tolragve}		zo'i	FAhA4
zoi	tcita le se li'erla'i ke naljbo selsku noi pa lojbo valsi ke'a krasi gi'e fanmo ku'o le du'u sinxa vo'e	cmavo		{naljbo} {selsku} {sinxa}		zoi	ZOI
zo'o	tcita le se cusku le du'u la'e ri se xalbo	cmavo		{xalbo}; {xajmi}		zo'o	UI5
zo'u	fanmo le brili'e no'u loi logji se lairgau sumti .a loi terta'a sumti	cmavo		{brili'e} {fanmo}		zo'u	ZOhU
zu	fi'o barda temci be le fasnu bei le manri	cmavo		{barda} {temci}		zu	ZI
zu'a	fi'o se zunle	cmavo		{zunle}		zu'a	FAhA2
zu'e	fi'o {zukte}	cmavo		{zukte}		zu'e	BAI
zu'i	sumka'i lo'e fadni	cmavo		{sumka'i}; {fadni}		zu'i	KOhA7
zu'o	galfi lu'e lo bridi lo selbrisle .i $x_1$ selzu'e gi'e se sinxa lu'e le bridi	cmavo	zum	{selzu'e}		zu'o	NU1
zu'u	tcita lo se cusku le du'u la'e ri zildau	cmavo		{zildau}; {zu'unai}		zu'u	UI3
zy	recimoi lerfu le lojbo	cmavo		{lerfu}		Z;zy	BY2
vinpa	$x_1$ se finti fi lo ka sinxa $x_2$ fi $x_3$ .i je $x_2$ srana lo se lifri be $x_3$ bei ca lo nu $x_3$ ganse $x_1$	experimental gismu	vinpa	srana fa zo {sinxa} je zo {finti} je zo {ganse} .i so'i je nai ro vinpa cu te ciska
vujnu	nu'a vu'u .i $x_1$ se sumji $x_2$ $x_3$ $x_4$ li'o .i pe'a zi'o vimcu $x_3$ jo'u $x_4$ li'o $x_2$ $x_1$	experimental gismu	vujnu
xorbo	$x_1$ ckini lo kulnu ja bangu ja cecmu pe la .xorban. $x_2$	experimental gismu	xorbo	{kulnu}; {bangu}; {cecmu}; {lojbo}
zandi	$x_1$ toljinsa ri'a lonu $x_2$ zvati le sefta be $x_1$ keiku fi'o te karbi $x_3$	experimental gismu	zandi
zulna	$x_1$ zunle $x_2$ fi $x_3$	experimental gismu	zulna	smudu'i zo {zunle} gi'e sarxe zo {zu'a} lo ka pagbu ce'u fa mo'oi kau karsna .i srana fa zo {pritu} je zo {mlana} je zo {crane} je zo {trixe} je zo {farna}
zviki	$x_1$ finti fo $x_4$ fe $x_2$ noi ke'a kosmu $x_3$ gi'e cnino jenai pu se kanpe lo poi'i finti ja pilno $x_3$	experimental gismu	zviki
varmuvgau	$mg_1$ muvgau $mg_2$=$v_1$ poi vacri $mg_3$ $mg_4$	lujvo		zo {vacri} ju'ebo zo {muvgau} .e zo {vacri} ju'ebo zo {muvdu} ju'ebo zo {gasnu}		varmuvgau		vacri;muvdu;gasnu
varselbe'i	$x1$ se benji fi $x2$ $x3$ lo vacri	lujvo						vacri;se;benji
vartisna	$x_1$ tisna loi vacri	lujvo						vacri;tisna
vastci	$x_1$ tutci lo ka ce'u vasru $x_2$	lujvo		srana fa zo .e zo {vasru} .e zo {tutci} .e zo {baktu} .e zo {botpi} .e zo {dakli} .e zo {kabri} .e zo {lanka} .e zo {lante} .e zo {palne} .e zo {palta} .e zo {patxu} .e zo  {tansi} .e zo {tanxe}		vastci		vasru;tutci
vautci	$x_1$ tutci lo ka vasru $x_2$	lujvo		{vasru}; {tutci}; {baktu}; {botpi}; {dakli}; {kabri}; {lanka}; {lante}; {palne}; {palta}; {patxu}; {tansi}; {tanxe}				vasru;tutci
vaxsezri'u	$x_1$ sezri'u lo ka vasxu da	lujvo		srana fa zo {vasxu} .e zo {sezri'u}				vasxu;sevzi;rinju
vaxtisna	$x_1$ fe su'o da fau gi tisna gi co'a vasxu .i $x_1$ fe $x_2$ fau gi tisna gi co'a vasxu	lujvo		zo {vasxu} zo {tisna} zo {vaxtoltisna}				vasxu;tisna
vaxtoltisna	$x_1$ fe su'o da fau gi to'e tisna gi co'u vasxu .i $x_1$ fe $x_2$ fau gi to'e tisna gi co'u vasxu	lujvo		zo {vasxu} zo {to'e} zo {tisna} zo {vaxtisna} zo {vaxtoti}				vasxu;to'e;tisna
vaxtu'u	$x_1$ rango $x_2$ gi'e tubnu gi'e pluta lo moklu be $x_2$ lo fepri be $x_2$ .i lo se vasxu fa'u to'e se vasxu be $x_2$ cu muvdu fo $x_1$	lujvo				vaxtu'u		vasxu;tubnu
velcradyjunla	$j_1$=$c_4$ junla fo lo nu vo'a velcradi fa $c_1$	lujvo						ve;cradi;junla
velripyzbe	$z_1$ zbepi $z_2$=$c_4$ po'u lo ve cripu be fa $c_1$ ge'u $z_3$	lujvo						ve;cripu;zbepi
velskivla	$x_1$ is an adjective which is equivalent to $x_2$ or is defined such that $x_2$ is correct.	lujvo				adjective		ve;skicu;valsi
velsku	$x_1$ ve cusku $x_2$ fi $x_3$ fo $x_4$	lujvo						ve;cusku
venmi'i	$x_1$ minji lo nu vecnu $x_2$	lujvo						vecnu;minji
verclibau	$x_1$ bangu $x_2$ $x_3$ .ije $x_2$ cilre fi $x_1$ ca lo nu $x_2$ verba	lujvo				verclibau		verba;cilre;bangu
verku'i	$x_1$ kurji $x_2$ noi ke'a verba	lujvo		{verba} {kurji}		verku'i		verba;kurji
verku'istu	$x_1$ stuzi $x_2$ noi ke'a se verku'i $x_3$	lujvo		{verba} {kurji} {stuzi}		verku'istu		verba;kurji;stuzi
vidnyja'o	$j_1$=$v_1$ poi ke'a vidni ku'o jarco $j_2$ $j_3$	lujvo						vidni;jarco
vidnyxra	$p_1$ pixra $p_2$ poi ke'a se jarco be lo vidni ku'o $p_3$ $p_4$.	lujvo		.e'u ko tcidu la'e zo {vidni} .e zo {pixra}				vidni;pixra
vijli'a	$c_1$=$v_2$ cliva $c_2$ $c_3$ xeka'a lo vinji	lujvo						vinji;cliva
vijyzda	$x_1$ zdani $x_2$ noi vinji .i $x_1$ dinju lo nu $x_2$ noi vinji cu nenri $x_1$	lujvo		.i ko catlu zo {vinji} .e zo {zdani}				vinji;zdani
vilmu'u	$x1$ muvdu $x2$ $x3$ $x4$ gi'e jai vlile	lujvo						vlile;muvdu
vimku'a	$x_1$ kumfa gi'e jai ne'i vikmi fai $x_2$ boi $x_3$ fi'o se kumfa $x_4$ fi'o te kumfa $x_5$	lujvo		{vikmi} {kumfa}		vimku'a		vikmi;kumfa
vimsivypalku	$x_1$ sivypalku $x_2$ gi'e cokcu lo se vikmi be lo dasni	lujvo		{vikmi} {sivypalku} {sivni} {palku}		vimsivypalku		vikmi;sivni;palku
vimtizbru	$b_1$ burcu le nu lumci lo vimstizu kei $b_3$	lujvo						vikmi;stizu;burcu
vincau	$x_1$ se jvinu no da $x_2$	lujvo		smudu'i zo {nonselji'u} gi'e se srana zo {jvinu} .e zo {claxu}				jvinu;claxu
viska'e	$k_1$ kakne lo nu viska ku $k_3$	lujvo		.e'u ko tcidu tu'a zo {narviska'e}				viska;kakne
vismlu	$x_1$ simlu $x_2$ $x_3$ lo nu $x_3$ viska $x_1$	lujvo						viska;simlu
visycu'i	cumki fa lo nu $x_1$ se viska $x_2$ kei $x_3$	lujvo				visycu'i		viska;cumki
visygau	$x_1$ gasnu lo nu $x_2$ viska $x_3$ $x_4$	lujvo						viska;gasnu
visysanji	$x1$ sanji $x2$ gi'e viska $x2$ $x3$	lujvo						viska;sanji
vi'usta	$x_1$ pu menre su'oi da poi ke'a zvati $x_2$ zi'e poi zi'o vimcu su'o da .e nai $x_1$ ke'a ku'o gi'e ja'e bo ca zvasta $x_2$	lujvo		srana fa zo {zvasta} .e zo {stali} .e zo {vimcu} .e zo {zvati} .e zo {lebna}		vi'usta		vimcu;stali
vlaste	$x_1$ liste $x_2$ noi valsi be da $x_5$ ku'o $x_3$ fo $x_4$	lujvo		srana fa zo {liste} .e zo {valsi} .e zo {leksiko}				valsi;liste
vlatamdu'i	$x_1$ dunli $x_2$ lo ka ma kau vlatai	lujvo		ko catlu zo {ta'ai} si'a				valsi;tarmi;dunli
vlaturge'a	$x_1$ gerna lo stura be lo valsi be fi $x_2$ $x_3$	lujvo						valsi;stura;gerna
vlaxagji	$x_1$=$xa_1$ xagji lo su'u tavla fi $x_2$ se pi'o lo valsi be fi $x_3$=$v_3$ .i va'i $x_1$=$xa_1$ djica lo su'u zasti fa lo plixau be fi lo su'u casnu $x_2$ be'o valsi be fi $x_3$=$v_3$	lujvo						valsi;xagji
vlinyje'u	lo jetnu cu vlina $x_1$ fi $x_2$	lujvo						vlina;jetnu
vobmipri	$x1$ mipri vo'a $x2$ $x3$	lujvo						vo'a;mipri
vocpi'e	$x_1$ plipe $x_2$ $x_2$ $x_3$ $x_4$	lujvo						-voc-;plipe
vokcinje	$x_1$ ge rango $x_2$ lo ka cupra lo voksa lo ka desku gi cinje lo galxe ke vasxu vorme	lujvo						voksa;cinje
voksna	$x_1$ sance lo voksa	lujvo						voksa;sance
vokta'a	$x_1$ fe $x_2$ fi $x_3$ fo $x_4$ tavla sepi'o lo voksa gi'e va'i bacru tavla	lujvo		srana fa zo {tavla} .e zo {voksa} .e zo {bacru}				voksa;tavla
volbifce	$x_1$ bifce je nai manti	lujvo		zo {bifce} zo {manti}				vofli;bifce
volmu'u	$x_1$ fau lo nu $x_1$ vofli cu muvdu $x_2$ boi $x_3$	lujvo				volmu'u		vofli;muvdu
volsmacu	$s_1$=$v_1$ cu volka'e mabru $s_2$ noi jutsi fo la'o zoi Chiroptera zoi	lujvo				volsmacu		vofli;smacu
vonca'u	$x_1$ canlu je krafamtei $x_2$ .i vo da cimde $x_1$	lujvo		{vo} zei {canlu}; {krafamtei}; {vi'e}	vi'e	vonca'u		vo;canlu
vondei	$x_1$ vo moi lo'i djedi noi pagbu $x_2$ noi jeftu li pa $x_3$	lujvo		.i frica zo {jednvo} noi srana lo si'o detri ku'o lo ka smuni .i srana zo {vo} .e zo {moi} .e zo {djedi} .e zo {jeftu}				vo;djedi
vrejai	$x_1$ boi $x_2$ kansa lo ka vreta $x_3$ kei gi'e pamjai $x_4$ boi $x_5$	lujvo						vreta;jgari
vricycti	lo cidja be $x_1$ cu vrici	lujvo						vrici;citka
vrogaibatke	$b_1$ batke $b_2$=$g_1$ po'u lo vrogai ku lo nu kargau gi'e ga'orgau kei $b_4$	lujvo						vorme;gacri;batke
vrogreku	$g_1$ greku $g_2$=$v_1$ poi ke'a vorme	lujvo						vorme;greku
vudzvi	$x_1$ zviki $x_2$ noi vrude ku'o $x_3$	lujvo						vrude;zviki
vudzvijonse	$x_1$ pilno lo se zviki lo ka jonse $x_2$ $x_3$ noi vrude	lujvo						vrude;zviki;jonse
vusycau	$x_1$ claxu lo ka da vrusi ce'u	lujvo		{vrusi}; {claxu}				vrusi;claxu
vusygaska'e	$k_1$ kakne lo nu vusyga'e ku $k_3$	lujvo		.e'u ko tcidu tu'a zo {narvu'igaska'e} .e zo {vusyga'e}				vrusi;ganse;kakne
voi'a	panra zo vo'a ra'ei .i se smuni lo sumti be lo ca selbri bei zo'ei zo fai	experimental cmavo					KOhA
voi'e	lo'u «voi'i ze'ei pe» le'u .i lo'u «voi'i ke'a srana» le'u ja lo'u «voi'i ke'a co'e» le'u .i pagbu lo cmene	experimental cmavo		srana fa zo {voi'i} jo'u zo {pe}			GOI
voi'i	tolfa'o lo ra'abri poi pagbu lo cmene	experimental cmavo					NOI
vy bu	lu vy.bu li'u bu'ivla zoi ly.w.ly.	bu-letteral
xa'ardakli	$d_1$ dakli $d_2$=$xa_1$ po'u lo xatra ge'u $d_3$	lujvo						xatra;dakli
xabmau	$x_1$ pagbu $x_2$ gi'e zmadu lo xadba be $x_2$ bei $x_5$ be'o $x_3$ boi $x_4$	lujvo		{xadba} {zmadu}; {so'e}		xabmau		xadba;zmadu
xabme'a	$x_1$ pagbu $x_2$ gi'e mleca lo xadba be $x_2$ bei $x_5$ be'o $x_3$ boi $x_4$	lujvo		{xadba} {mleca}, {xabmau}		xabme'a		xadba;mleca
xadri'u	$x_1$ rinju $x_2$ noi srana lo xadni ku'o $x_3$ noi srana lo xadni	lujvo		{xadni} {rinju} {ka'enri'u}		xadri'u		xadni;rinju
xadydakli	$d_1$ dakli $d_2$=$xa_1$ po'u lo xadni ge'u $d_3$	lujvo						xadni;dakli
xadypau	$x_1$ pagbu lo xadni be $x_2$	lujvo		srana fa zo {xadni} .e zo {pagbu}				xadni;pagbu
xadzengu'a	$x_1$ gunka $x_2$ lo ka lo xadni be ce'u cu zenba lo ka kanro .a lo ka tsali	lujvo		{xadni} {zenba} {gunka}		xadzengu'a		xadni;zenba;gunka
xagmau	$x_1$ zmadu $x_2$ lo ni ce'u xamgu $x_3$ boi $x_4$ ku $x_5$	lujvo		srana fa zo {xamgu} .e zo {zmadu}				xamgu;zmadu
xagrai	$x_1$ traji lo ni ce'u xamgu $x_2$ ku $x_3$	lujvo		srana fa zo {xamgu} .e zo {traji}				xamgu;traji
xaicku	$x_1$ cukta .i je $x_1$ se xrani $x_2$ $x_3$	lujvo		.i srana zo {cukta} .e zo {xrani}				xrani;cukta
xaircu'i	cumki fa lo nu $x_1$ xrani $x_2$ fi $x_3$ fo $x_4$	lujvo						xrani;cumki
xairgau	$x_1$ gasnu $x_2$ poi ke'a xrani $x_3$ $x_4$ $x_5$	lujvo		zbasu fi zo {xrani} ce'o zo {gasnu}				xrani;gasnu
xajbefre'u	$x_1$ rectu lo betfu be lo xarju be $x_2$	lujvo				xajre'u		xarju;betfu;rectu
xajre'u	$r_1$ rectu $r_2$=$xa_1$ poi ke'a xarju	lujvo						xarju;rectu
xalbarja	$ko'a$ barja lo se pinxe ku joi lo xalka $ko'e$	lujvo		{xalka} {barja}				xalka;barja
xanbau	lo xanbau po'u $x_1$=$ba_1$ cu xanbau $x_2$=$xa_2$=$b_2$ lo te bangu po'u $x_3$=$b_3$	lujvo						xance;bangu
xandegji	$xa_1$=$d_1$ degji lo xance po'u $xa_2$=$d_2$ ge'u lo xadni po'u $d_3$	lujvo						xance;degji
xanjairinsa	$x_1$ rinsa $x_2$ lonu $x_1$ jgari $x_2$ lo xance be $x_1$ lo xance be $x_2$	lujvo						xance;jgari;rinsa
xanjaisi'u	$x_1$ simxu lo nu jgari fi lo xance lo xance	lujvo		{xance} {jgari} {simxu}		xanjaisi'u		xance;jgari;simxu
xanlai	$x_1$ klani $x_2$ lo se gradu be lo se vasru be lo xance be $x_3$	lujvo		{xance} {klani}				xance;klani
xantamji	$t_1$ tamji $t_2$=$xa_1$ po'u lo xance lo $t_3$=$xa_2$.	lujvo		.e'u ko tcidu tu'a zo {jmatamji} .e zo {tamji}.				xance;tamji
xarpe'o	$x_1$ xanri je pendo $x_2$	lujvo		.i lujvo to jvajvo toi fo lu {xanri} {pendo} li'u .i srana fa zo {cfika} je zo {senva} je zo {sucta} je zo {xa'i}				xanri;pendo
xastorka	$x_1$ torka $x_2$ noi lo'e torka be ke'a cu xabju lo xamsi	lujvo		.i ko catlu zo {xamsi} .e zo {torka} .e zo {xasycakrespa}				xamsi;-torka-
xa'ucne	$x_1$ ki'icne lo ka ce'u ce'u xabju kei $x_2$ $x_3$ .i va'i $x_1$ joi gi co'a xabju $x_2$ gi co'u xabju $x_3$	lujvo						xabju;cenba
xa'urkansa	$x_1$ kansa $x_2$ lo nu xabju $x_3$	lujvo						xabju;kansa
xavdei	$x_1$ xa moi lo'i djedi noi pagbu $x_2$ noi jeftu li pa $x_3$	lujvo		.i frica zo {jednxa} noi srana lo si'o detri ku'o lo ka smuni .i srana zo {xa} .e zo {moi} .e zo {djedi} .e zo {jeftu}				xa;djedi
xejykrevi'u	$x_1$ vimcu $x_2$ poi xejykre $x_3$ ku'o $x_3$	lujvo						xedja;kerfa;vimcu
uidja zei tanbo	$x_1$ tanbo gi'e uidja	zei-lujvo		srana fa zo {tanbo} .e zo {uidja} .e zo {pruxi}		uidja zei tanbo
uengu	$x_1$ zukte lo ka rivbi lo ka jikca $x_2$ kei kei mu'i lo nu $x_1$ fengu $x_2$	fu'ivla		srana fa zo {fengu} je zo {rivbi} je zo {jikca}
u'enmo	$x_1$ .u'e zei cinmo $x_2$ .i $x_1$ se manci $x_2$ .i $x_1$ cinmo lo ka ce'u lifri lo cnino noi na fadni kei $x_2$	fu'ivla		{a'anmo}; {a'enmo}; {a'inmo}; {a'onmo}; {a'unmo}; {ainmo}; {aunmo}; {i'anmo}; {i'enmo}; {i'inmo}; {i'onmo}; {i'unmo}; {ianmo}; {ienmo}; {iinmo}; {ionmo}; {iunmo}; {o'anmo}; {o'enmo}; {o'inmo}; {o'onmo}; {o'unmo}; {oinmo}; {u'anmo}; {u'inmo}; {u'onmo}; {u'unmo}; {uanmo}; {uenmo}; {uinmo}; {uonmo}; {uunmo}		u'enmo
uenmo	$x_1$ ue zei cinmo $x_2$ .i $x_1$ cinmo lo ka ce'u se spaji kei $x_2$ .i $x_2$ fasnu gi'e na se kanpe $x_1$	fu'ivla		{a'anmo}; {a'enmo}; {a'inmo}; {a'onmo}; {a'unmo}; {ainmo}; {aunmo}; {i'anmo}; {i'enmo}; {i'inmo}; {i'onmo}; {i'unmo}; {ianmo}; {ienmo}; {iinmo}; {ionmo}; {iunmo}; {o'anmo}; {o'enmo}; {o'inmo}; {o'onmo}; {o'unmo}; {oinmo}; {u'anmo}; {u'enmo}; {u'inmo}; {u'onmo}; {u'unmo}; {uanmo}; {uinmo}; {uonmo}; {uunmo}		uenmo
uensni	$x_1$ uenzi $x_3$ gi'e sinxa $x_2$	fu'ivla
uenzi	$x_1$ bau $x_3$ se cusku gi'e srana $x_2$	fu'ivla		{cusku}, {bangu}, {gerna}
uftu	fasnu fa lo voi $x_1$ lo .imla be ke'a cu zvada'o je cabda'o gi'e kai'u ti ta ce'ai ti ckaji se ju pevna lo ka ka'e se degja'o ta	fu'ivla		srana zo {tu} je zo .{ifti} je zo .{afta} je zo {degja'o}
uidja	$x_1$ tutci lo ka se pi'o ce'u skujo'e lo pruxi ja lo mucti prenu	fu'ivla		srana fa zo {uidja zei tanbo}		uidja
uidje	$x_1$ pagbu lo pa sazycimde po'u $x_2$	fu'ivla
u'i nai	tcita le se cusku le du'u la'e ri tolzdi le cusku	cmavo-compound		{u'i} {nai}; {tolzdi}		u'inai	UI*
ui nai	tcita le se cusku le du'u la'e ri se badri le cusku	cmavo-compound		{ui} {nai}; {badri}		uinai	UI*
u'inmo	$x_1$ .u'i zei cinmo $x_2$ .i $x_1$ se zdile ja se xajmi $x_2$	fu'ivla		{a'anmo}; {a'enmo}; {a'inmo}; {a'onmo}; {a'unmo}; {ainmo}; {aunmo}; {i'anmo}; {i'enmo}; {i'inmo}; {i'onmo}; {i'unmo}; {ianmo}; {ienmo}; {iinmo}; {ionmo}; {iunmo}; {o'anmo}; {o'enmo}; {o'inmo}; {o'onmo}; {o'unmo}; {oinmo}; {u'anmo}; {u'enmo}; {u'onmo}; {u'unmo}; {uanmo}; {uenmo}; {uinmo}; {uonmo}; {uunmo}		u'inmo
uinmo	$x_1$ ui zei cinmo $x_2$ .i $x_1$ cinmo lo ka ce'u gleki kei $x_2$	fu'ivla		{a'anmo}; {a'enmo}; {a'inmo}; {a'onmo}; {a'unmo}; {ainmo}; {aunmo}; {i'anmo}; {i'enmo}; {i'inmo}; {i'onmo}; {i'unmo}; {ianmo}; {ienmo}; {iinmo}; {ionmo}; {iunmo}; {o'anmo}; {o'enmo}; {o'inmo}; {o'onmo}; {o'unmo}; {oinmo}; {u'anmo}; {u'enmo}; {u'inmo}; {u'onmo}; {u'unmo}; {uanmo}; {uenmo}; {uonmo}; {uunmo}		uinmo
uitkipediia	$x_1$ me la .uikipediias. ku noi zifre ke kibro .ensiklopediia	fu'ivla				uitkipediia
u'ivla	$x_1$ xajmi ja zdile ja xalbo valsi $x_2$ boi $x_3$	fu'ivla		zo .u'ivla si'a .u'ivla ki'u lo nu na'e fadni lujvo fo zo .u'i jo'u ra'oi -vla- gi'e ji'a klamburi zo fu'ivla .i zo {u'imla} drata mupli lo .u'ivla		u'ivla
untri	$x_1$ ve ciksi lo ke stura ja morna ja javni ja kai'u ce'u krinu ja rinka tu'a lo se ckaji be ce'u ke'e be $x_2$ gi'e jai se jicmu lo nu zgana $x_2$	fu'ivla		{ciksi}, {stura}, {morna}, {javni}, {krinu}, {rinka}, {jicmu}, {zgana}
u'o cu'i	tcita le se cusku le du'u la'e ri se toldarsi le cusku	cmavo-compound		{u'o} {cu'i}; {toldarsi}		u'ocu'i	UI*
u'o nai	tcita le se cusku le du'u la'e ri se tolvri le cusku	cmavo-compound		{u'o} {nai}; {tolvri}		u'onai	UI*
uo nai	tcita le se cusku le du'u la'e ri nalmu'o	cmavo-compound		{uo} {nai}; {nalmu'o}		uonai	UI*
u'u	tcita le se cusku le du'u la'e ri se xenru ja se zungi le cusku	cmavo		{xenru}; {zungi}		u'u	UI1
uu	tcita le se cusku le du'u la'e ri te kecti fi le cusku	cmavo		{kecti}		uu	UI1
u'onmo	$x_1$ .u'o zei cinmo $x_2$ .i $x_1$ cinmo lo ka ce'u virnu kei $x_2$	fu'ivla		{a'anmo}; {a'enmo}; {a'inmo}; {a'onmo}; {a'unmo}; {ainmo}; {aunmo}; {i'anmo}; {i'enmo}; {i'inmo}; {i'onmo}; {i'unmo}; {ianmo}; {ienmo}; {iinmo}; {ionmo}; {iunmo}; {o'anmo}; {o'enmo}; {o'inmo}; {o'onmo}; {o'unmo}; {oinmo}; {u'anmo}; {u'enmo}; {u'inmo}; {u'unmo}; {uanmo}; {uenmo}; {uinmo}; {uonmo}; {uunmo}		u'onmo
uonmo	$x_1$ uo zei cinmo $x_2$ .i $x_1$ cinmo lo ka ce'u mo'u snada ja co'a mulno ja jai gau mulno ja co'a se mansa kei $x_2$	fu'ivla		{a'anmo}; {a'enmo}; {a'inmo}; {a'onmo}; {a'unmo}; {ainmo}; {aunmo}; {i'anmo}; {i'enmo}; {i'inmo}; {i'onmo}; {i'unmo}; {ianmo}; {ienmo}; {iinmo}; {ionmo}; {iunmo}; {o'anmo}; {o'enmo}; {o'inmo}; {o'onmo}; {o'unmo}; {oinmo}; {u'anmo}; {u'enmo}; {u'inmo}; {u'onmo}; {u'unmo}; {uanmo}; {uenmo}; {uinmo}; {uunmo}		uonmo
upsi	$x_1$ radji'i lo du'u vo'a srera $x_2$	fu'ivla
urja	ca da de poi tembalvi je cabjbi da poi'i $x_2$ nitcu lo ka pu ke'a ckaji $x_1$ kei $x_3$	fu'ivla
utka	$x_1$ utka $x_2$ fi $x_3$ fo $x_4$ noi porsi .ijo $x_1$ ce'o $x_4$ ce'o $x_2$ cu ki'irsi $x_3$	fu'ivla		ckini zo {ki'irsi} .e zo {ko'orsi}
utkarpe	$x_1,\, x_2,\, x_3$ .utkakpu $x_4$ gi'e .utkaro zi'o vau $x_5$.	fu'ivla		ko tcidu lo co'e pe zo ".{utkakpu}" .e zo ".{utkaro}"		.utkakpu gi'e .utkaro
u'u cu'i	tcita le se cusku le du'u la'e ri se nalxe'u ja se nalzungi	cmavo-compound		{u'u} {cu'i}; {nalxe'u}, {nalzungi}		u'ucu'i	UI*
uu'inmo	$x_1$ gleki $x_2$ noi xlali lo drata be $x_1$	fu'ivla		{uu'i}, {cadnfroide}
u'u nai	tcita le se cusku le du'u la'e ri se zernalfu'e le cusku	cmavo-compound		{u'u} {nai}; {zernalfu'e}		u'unai	UI*
uu nai	tcita le se cusku le du'u la'e ri te tolke'i fi le cusku	cmavo-compound		{uu} {nai}; {tolke'i}		uunai	UI*
vacri	$x_1$ gapci bu'u $x_2$ .i $x_1$ mixre lo trano jo'u lo kijno jo'u lo drata gapci pi so'u si'e gi'e sruri $x_2$ noi terdi	gismu	var;vacr;vacri	{gapci}; {mixre}; {trano}; {kijno}; {drata}; {gapci}; {sruri}; {terdi}
vajni	$x_1$ mutce lo ka $x_2$ nitcu lo nu $x_2$ jundi lo nu ce'u ckaji $x_3$	gismu	vaj;vai;vajn;vajni	{mutce}; {nitcu}; {jundi}; {ckaji}; {cuntu}
valsi	$x_1$ selba'u bo snapoi ja lerpoi gi'e se smuni $x_2$ gi'e selci $x_3$ noi bangu	gismu	val;vla;vals;valsi	{selba'u}; {snapoi}; {lerpoi}; {smuni}; {selci}; {bangu}
vamji	$x_1$ traji lo ka $x_3$ bredi lo ka renvi ja dunda kei te zu'e lo nu cpacu ja ralte $x_2$	gismu	vam;va'i;vamj;vamji	{traji}; {bredi}; {renvi}; {dunda}; {cpacu}; {ralte}; {jdima}; {pleji}; {dirba}; {vajni}; {kargu}
vamtu	$x_1$ livgau $x_2$ lo stomaxu lo moklu	gismu	vat;vamt;vamtu	{livgau}; {stomaxu}; {moklu}
vanbi	$x_1$ sruri je se jalge lo nu ma kau tcini $x_2$	gismu	vab;vanb;vanbi	{sruri}; {jalge}; {tcini}	va'o
vanci	$x_1$ pagbu $x_2$ noi djedi ku'o gi'e kuspe lo fanmo be lo donri be'o jo'u lo tolfa'o be lo nicte kei gi'e se stuzi $x_3$ .i $x_1$ temci lo nu co'u gunka kei lo nu co'a sipna	gismu	vac;vanc;vanci	{pagbu}; {djedi}; {kuspe}; {fanmo}; {donri}; {tolfa'o}; {nicte}; {stuzi}; {temci}; {gunka}; {sipna}
vanju	$x_1$ jisra $x_2$ gi'e xalka fi lo nu $x_2$ fusra .i ra'u $x_2$ vanjba	gismu	van;vanj;vanju	{barja} .i {birje} .i {xalka} .i {jikru} .i {fusra}
va	fi'o tersei be le fasnu bei le manri	cmavo	vaz	{tersei}		va	VA
va'a	mekfancu .i li va'a abu du le nonselsumji be abu	cmavo		{mekfancu}; {nonselsumji}		va'a	VUhU
va'e	galfi lu'e lo namcu lo selbrisle .i $x_1$ klani le namcu $x_2$ noi ckilu	cmavo		{ckilu}; {mei}, {moi}, {si'e}		va'e	MOI
va'i	tcita le se cusku le du'u ri lo li'erla'i cu frica le ka makau valsi sepa'u ce'u kei gi'e mintu le ka makau smuni ke'a	cmavo		{valsi} {frica}		va'i	UI3
vai	saclu li pamu li paxa	cmavo				vai	PA2
va'o	fi'o {vanbi}	cmavo		{vanbi}		va'o	BAI
vabycta	$x1$ catlu lo vanbi be $x1$	lujvo						vanbi;catlu
vacycti	$x_1$ citka $x_2$ ca lo vanci	lujvo		ko lanli zo {vacysai} ji'a				vanci;citka
vacysai	$x_1$ sanmi $x_2$ gi'e se steci lo ka ce'u ralju lo sanmi poi ke'a se citka ca lo vanci	lujvo		{cersai}; {dormijysai}		vacysai		vanci;sanmi
vaicni	$x_1$ cinmo lo ka $x_2$ vajni ce'u kei $x_2$	lujvo						vajni;cinmo
vajni'i	$x_1$ nibli $x_2$ noi ke'a vajni $x_3$	lujvo		srana fa zo {nibli} .e zo {vajyki'i} .e zo {vajni}		vajni'i		vajni;nibli
vajrai	$x_1$ traji loka vajni $x_2$ $x_3$ kei loka zmadu kei $x_4$	lujvo		{vajni} {traji}				vajni;traji
vajyki'i	$x_1$ ckini $x_2$ fi $x_3$ noi ke'a vajni	lujvo				vajyki'i		vajni;ckini
vanbarja	$b_1$ barja $b_2$=$v_1$ po'u loi vanju ku $b_3$	lujvo						vanju;barja
vanjba	$x_1$ cidja grute $x_2$ noi jutsi la'o jutsi Vitis jutsi .i ra'u $x_1$ se vanju	lujvo		{vanju}				vanju;jbari
vanjbajisra	$ji_1$ jisra $ji_2$=$jb_1$=$v_2$ po'u loi vanjba	lujvo		.e'u ko tcidu tu'a zo {vanjba} .e zo {vanju} .e zo {jbari} .e zo {jisra}				vanju;jbari;jisra
xirdegna'u	li pa veldilcu $x_1$ noi mulna'u ku'o li re .i va'i $x_1$ mulna'u gi'e na dilcymu'o li re	lujvo						xirma;degji;namcu
xismalsi	.i lo si'o ce'u goi $x_1$ xismalsi ce'u goi $x_2$ cu si'o ce'u goi $x_1$ malsi lo xriso be zo'e ce'u goi $x_2$	lujvo		.i .e'u do catlu zo'e pe zo {xriso} .e zo {malsi}				xriso;malsi
xlabebna	ge $x_1$ bebna $x_2$ gi le su'u $x_1$ bebna $x_2$ cu xlali $x_3$ $x_4$	lujvo						xlali;bebna
xladja	$xl_1$=$c_1$ $xl_2$=$c_2$ cidja gi'e xlali $xl_3$	lujvo						xlali;cidja
xlakemsamtci	$t_1$=$xl_1$ samtci fi $s_1$ gi'e xlali $xl_2$ $xl_3$	lujvo						xlali;ke;skami;tutci
xlapre	$x_1$=$p_1$ prenu gi'e xlali $x_2$ $x_3$	lujvo						xlali;prenu
xluzerma'esazri	xoi ke'a zekri $x_3$ se'u ca lo nu $x_4$ xlura $x_1$ boi $x_5$ kei $x_1$ sazri $x_2$ noi marce	lujvo		lujvo fo lu {xlura} {zekri} {ke} {marce} {sazri} li'u .i ko viska ji'a zo {xoi} noi cipra ke {adverbi} zbasu cmavo				xlura;zekri;marce;sazri
xracku	$x_1$ cukta $x_2$ boi $x_3$ boi $x_4$ boi $x_5$ se pi'o so'i pixra	lujvo		{pixra} {cukta}		xracku		pixra;cukta
xragreku	$g_1$ greku $g_2$=$p_1$ po'u lo pixra	lujvo						pixra;greku
xrapoi	$x_1$ porsi fi lo'i pixra gi'e .arco $x_2$ gi'e se zbasu $x_3$	lujvo		lo xrapoi cu me la'o gy. video .gy gi'enai porsi be fi lo pixra poi nalra'a				pixra;porsi
xripu'o	$p_1$ purmo $p_2$=$m_1$ po'u loi maxri	lujvo		.e'u ko tcidu la'e zo {maxri} lu'u .e la'e zo {purmo}				maxri;purmo
xrube'i	$x_1$ benji $x_2$ boi $x_3$ boi $x_4$ boi $x_5$ ba lo nu da benji $x_2$ boi $x_4$ boi $x_3$ boi $x_5$ .i ja'e bo $x_2$ xruti $x_3$ boi $x_4$	lujvo		{xruti} .i {benji}				xruti;benji
xrudu'a	$x_1$ dunda $x_2$ boi $x_3$ noi ke'a pu dunda $x_2$ boi $x_1$ ja noi $x_1$ pu lebna $x_2$ boi $x_3$ .i $x_1$ gasnu lo nu $x_2$ xruti lo ka $x_3$ jgari ja ralte ja cpacyka'e ce'u	lujvo		srana fa zo {dunda} .e zo {xruti} .e zo {ralte} .e zo {jbera} .e zo {lebna}		xrudu'a		xruti;dunda
xruga'a	$x_1$ se kruvi grana gi'e zvaxru lo renro be $x_1$	lujvo				xruga'a		xruti;grana
xrugau	$x_1$ gasnu lo nu $x_2$ xruti $x_3$ boi $x_4$	lujvo		{xruti} {gasnu}		xrugau		xruti;gasnu
xrukla	$x_1$ klama je zvaxru $x_2$ boi $x_3$ boi $x_4$ boi $x_5$	lujvo				xrukla		xruti;klama
xumjimcelxa'i	$x_1$ poi xarci $x_2$ $x_3$ cu cecla $x_4$ poi jinme ra'u vau $x_5$ poi xukmi ra'u	lujvo		ji'a zgana zo {celgunta} .i zbasu fi zo {xukmi} ce'o zo {jinme} ce'o zo {cecla} ce'o zo {xarci}				xukmi;jinme;cecla;xarci
xumyzai	$x_1$ zarci $x_2$ noi xukmi ku'o $x_3$	lujvo						xukmi;zarci
xusfrimo'i	$x_1$ frimo'i lo ka ganse lo nu da xusra $x_2$	lujvo		srana fa zo {xusra} .e zo {frimo'i}				xusra;lifri;morji
xusyju'o	$x_1$ djuno lo du'u $x_2$ se xusra $x_3$	lujvo		srana fa zo {ti'erna} .e zo {xusra} .e zo {djuno} .e zo {xusfrimo'i}				xusra;djuno
zanclaxu	$x_1$ claxu $x_2$ noi lo nu da'i $x_1$ ckaji ke'a cu xlali $x_1$	lujvo		to'e zanclaxu (= {malclaxu})		zanclaxu		zabna;claxu
xumjice	$x_1$ xumjimcelxa'i	fu'ivla		smujbi zo {xumjimcelxa'i} .i panra fi lo ka {tersumei} li so'u pa
xu nai	tcita lo se cusku le du'u la'e ri preti lo du'u jitfa jikau jetnu	cmavo-compound		lo preti gau ti dukti fi lo ka makau se basna po'o jenai spuda			UI*6
zalmlo	$x1$ molki lonu zalvi $x2$ $x3$	lujvo						zalvi;molki
zanfri	$x_1$ lifri $x_2$ noi zabna	lujvo		{zabna}; {lifri}; {malfri}				zabna;lifri
zanseltcini	$x_1$ se tcini lo zabna	lujvo		{zabna}; {tcini}				zabna;se;tcini
zansmu	$x_1$ noi zabna cu smuni $x_2$ boi $x_3$	lujvo		ko catlu zo {malsmu} ji'a		zansmu		zabna;smuni
zanvi'e	$x_1$ vitke $x_2$ boi $x_3$ gi'e zabna le ka ce'u no'a kei $x_2$	lujvo		{zabna} {vitke}; {fi'i}; {malvi'e}		zanvi'e		zabna;vitke
zanvla	$x_1$ valsi $x_2$ noi zansmu ku'o $x_3$	lujvo		ko catlu zo {malvla} ji'a		zanvla		zabna;valsi
za'orfau	$x_1$ za'o fasnu	lujvo		zo {faurza'o} mitsmuvla zo za'orfau				za'o;fasnu
za'ornu'ozu'e	$x_1$ za'o nu'o zukte $x_2$	lujvo						za'o;nu'o;zukte
zarkansi'u	$x_1$ simxu lo ka ce'u ce'u kansa lo ka zanru $x_2$	lujvo		srana fa zo {zanru} .e zo {kansa} .e zo {simxu} .e zo {tugysi'u}				zanru;kansa;simxu
zasxa'u	$x_1$ xabju $x_2$ .ije lo nu go'i ku zasni	lujvo		{zasni} {xabju}; {vitke}				zasni;xabju
zatygau	$x_1$ gasnu lo nu $x_2$ zasti $x_2$	lujvo		srana fa zo {zasti} .e zo {gasnu}				zasti;gasnu
zdaca'u	$x_1$ canlu gi'e zdani $x_2$	lujvo		srana fa zo {canlu} .e zo {zdani} .e zo {zdatu'a} .e zo  {zdastu} .e zo {zdadi'u} .e zo {zdagu'e} .e zo {cpizda} .e zo {kumyzda}		zdaca'u		zdani;canlu
zdadi'u	$x_1$ dinju lo ka ce'u zdani $x_2$	lujvo		srana fa zo {dinju} .e zo {zdani} .e zo {zdatu'a} .e zo {zdaca'u} .e zo {zdastu} .e zo {zdagu'e} .e zo {cpizda} .e zo {kumyzda}		zdadi'u		zdani;dinju
zdagu'e	$x_1$ gugde su'oi da noi $x_2$ menre ke'a ku'o gi'e zdani $x_2$	lujvo		srana fa zo {gugde} .e zo {zdani} .e zo {zdatu'a} .e zo {zdaca'u} .e zo {zdastu} .e zo {zdadi'u} .e zo {cpizda} .e zo {kumyzda}		zdagu'e		zdani;gugde
zdali'a	.i lo ka ce'u goi $x_1$ zdali'a ce'u goi $x_2$ zdali'a ce'u goi $x_3$ cu ka ce'u cliva lo zdani be ce'u ce'u	lujvo		.i .e'u do catlu ge zo'e pe zo {zdani} gi z'e pe zo {cliva}				zdani;cliva
zdastu	$x_1$ stuzi gi'e zdani $x_2$	lujvo		srana fa zo {stuzi} .e zo {zdani} .e zo {zdatu'a} .e zo {zdaca'u} .e zo {zdadi'u} .e zo {zdagu'e} .e zo {cpizda} .e zo {kumyzda}		zdastu		zdani;stuzi
zdatu'a	$x_1$ tumla gi'e zdani $x_2$	lujvo		srana fa zo {tumla} .e zo {zdani} .e zo {zdaca'u} .e zo {zdastu} .e zo {zdadi'u} .e zo {zdagu'e} .e zo {cpizda} .e zo {kumyzda}		zdatu'a		zdani;tumla
zdaxru	$x_1$ xruti lo ka ce'u zvati $x_2$ noi ke'a zdani $x_1$	lujvo				zdaxru		zdani;xruti
zdazva	$x_1$ zvati lo zdani be $x_1$	lujvo		{zdani} {zvati}		zdazva		zdani;zvati
zdici'i	$x_1$ zdile je cinri $x_2$	lujvo				zdici'i		zdile;cinri
zdifri	$z1$ lifri $x2$ noi zdile $x1$	lujvo						zdile;lifri
zdiku'a	$x1$ kumfa $x2$ bu'u lonu zdile $x3$	lujvo						zdile;kumfa
zdili'u	$x_1$ litru $x_2$ fi $x_3$ .i lo nu go'i cu zdile lo go'i	lujvo						zdile;litru
zdimi'a	$c_1$=$z_2$ cmila mu'i lo nu $z_1$ zdile vo'a $z_3$	lujvo						zdile;cmila
zdizu'e	$x1$ zukte $x2$ lonu $x2$ zdile $x1$	lujvo						zdile;zukte
zeigle	$x_1$ gletu $x_2$ xoi zekri $x_3$	lujvo						zekri;gletu
zeldei	$x_1$ ze moi lo'i djedi noi pagbu $x_2$ noi jeftu li pa $x_3$	lujvo		.i frica zo {jednze} noi srana lo si'o detri ku'o lo ka smuni .i srana zo {ze} .e zo {moi} .e zo {djedi} .e zo {jeftu}				ze;djedi
zelvlabivli'i	$x_1$ se cusku gi'e tarmi ge ge ze valsi ku pi'u bi linji vu'o no'u lo'e jungo pemci gi $x_2$ noi lo tonga cu morna ke'a gi $x_3$ noi lo rimni cu diklo ke'a	lujvo		{ze} {valsi} {bi} {linji}; {mumvlavonli'i}, {zelvlavonli'i}, {mumvlabivli'i}				ze;valsi;bi;linji
zelvlavonli'i	$x_1$ se cusku gi'e tarmi ge ge ze valsi ku pi'u vo linji vu'o no'u lo'e jungo pemci gi $x_2$ noi lo tonga cu morna ke'a gi $x_3$ noi lo rimni cu diklo ke'a	lujvo		{ze} {valsi} {vo} {linji}; {mumvlavonli'i}, {mumvlabivli'i}, {zelvlabivli'i}				ze;valsi;vo;linji
zerfu'e	$x_1$ fuzme $x_2$ noi ke'a zekri $x_3$ ku'o $x_3$	lujvo		{zekri} {fuzme}		zerfu'e		zekri;fuzme
zerfuzyxu'a	$x_1$ xusra le du'u $x_2$ zerfu'e $x_3$ boi $x_4$	lujvo		{zerfu'e} {xusra}		zerfuzyxu'a		zekri;fuzme;xusra
zergle	$x_1$ gletu $x_2$ xoi zekri $x_3$	lujvo						zekri;gletu
zerjonse	$x_1$ jonse $x_2$ $x_3$ xoi zekri $x_4$	lujvo						zekri;jonse
zernalfu'e	$x_1$ na'e fuzme $x_2$ noi ke'a zekri $x_3$ ku'o $x_3$	lujvo		{zekri} {na'e} {fuzme}; {u'unai}		zernalfu'e		zekri;na'e;fuzme
zernerkla	$x_1$ nerkla $x_2$ xoi zekri $x_3$	lujvo						zekri;nenri;klama
u'unmo	$x_1$ .u'u zei cinmo $x_2$ .i $x_1$ cinmo lo ka ce'u xenru ja zungi kei $x_2$	fu'ivla		{a'anmo}; {a'enmo}; {a'inmo}; {a'onmo}; {a'unmo}; {ainmo}; {aunmo}; {i'anmo}; {i'enmo}; {i'inmo}; {i'onmo}; {i'unmo}; {ianmo}; {ienmo}; {iinmo}; {ionmo}; {iunmo}; {o'anmo}; {o'enmo}; {o'inmo}; {o'onmo}; {o'unmo}; {oinmo}; {u'anmo}; {u'enmo}; {u'inmo}; {u'onmo}; {uanmo}; {uenmo}; {uinmo}; {uonmo}; {uunmo}		u'unmo
uunmo	$x_1$ uu zei cinmo $x_2$ .i $x_1$ cinmo lo ka ce'u kecti kei $x_2$ .i $x_1$ cnikansa fi lo mabla	fu'ivla		{a'anmo}; {a'enmo}; {a'inmo}; {a'onmo}; {a'unmo}; {ainmo}; {aunmo}; {i'anmo}; {i'enmo}; {i'inmo}; {i'onmo}; {i'unmo}; {ianmo}; {ienmo}; {iinmo}; {ionmo}; {iunmo}; {o'anmo}; {o'enmo}; {o'inmo}; {o'onmo}; {o'unmo}; {oinmo}; {u'anmo}; {u'enmo}; {u'inmo}; {u'onmo}; {u'unmo}; {uanmo}; {uenmo}; {uinmo}; {uonmo}		uunmo
va'arga	$x_1$ pluja .i je ku'i $x_2$ ka'e pilno $x_3$ noi slabu vo'a ku'o lo nu sapygau lo go'i lo se go'i	fu'ivla		ra'oi -va'a- rafsi zo va'arga
vajlani	lo nu ma kau namcu gi'e ckaji $x_1$ cu vajni gi'a fauxlu .i ja $x_1$ banzuni lo nu frili fa lo ka ganse lo nu li za'u no ckaji $x_1$	fu'ivla		srana fa zo {vamji} .e zo {klani}
vanlamigu	$x_1$ gusni fi lo solri gi'e se minra lo lalxu ca lo vanci	fu'ivla		{vanci}; {lalxu}; {minra}; {gusni}		vanlamigu
velsudu	$x_1$ muvdu vi'i lo me'au $x_2$ be li mo'e da ce'e ze'a lo me'au $x_3$ be li mo'e da	fu'ivla
verntineidja	$x_1$ remna gi'e verba $x_2$ poi ke'a nanca li paci ke'ibi'iga'o reno ku'o zi'o	fu'ivla		.e'uru'e ko tcidu tu'a zo {verba}
vi'anka	$x_1$ na kakne lo ka ce'u viska su'o da	fu'ivla		srana fa zo {viska} .e zo {kakne}		vi'anka
virnkorona	$x_1$ vidru $x_2$ $x_3$ gi'e cmima la'o xy.  Orthocoronavirinae xy.	fu'ivla				virnkorona
xafxafa	$x_1$ danlu gi'e ta'e cmoni lo simsa be zo xafxaf a zo uuf a zo af a zo uanuan a zo'oi vou gi'e xabju lo zdani be lo prenu gi'e jutsi $x_2$ ije so'iroiku $x_1$ gerku $x_2$	fu'ivla		ko catlu fe ji'a zo {gerku}
uuZIT	zo uuZIT cmene la'o gy.Wuzzy.gy bau la lojban	cmevla
vei'i	sei frimo'i	experimental cmavo		.i {frimo'i} .i {moi'i} .i {ba'a}nai
xa'e	fi'o raunzu be fi loka fanta lonu ce'u ce'u simsikta be'o tersei be lo fasnu bei lo manri	experimental cmavo					VA
xa'i	cnima'o .i sinxa lo du'u lo bridi cu xanri ja se xarpei lo cusku	experimental cmavo		lu xa'i nai li'u se smuni lo du'u lo bridi cu fatci .i srana zo xa'i fa zo {xanri} .e zo {xarpei} .e zo {da'i}		xanri	UI3
xai	ri .ebo ra .a ri .ebo ru .a ra .ebo ra .a ra .ebo ru .a ru .ebo ru .a ri .ebo ra .ebo ru	experimental cmavo				xai	KOhA5
xau	tcita lo sumti lo ka lo nundumu be lo bridi cu xamgu ce'u	experimental cmavo		lo du'u broda xau mi cu du'u lo nu broda cu fasnu gi'e xamgu mi .i smudu'i lu {seva'u} li'u		xau	BAI
xe be'i	fi'o xe benji	cmavo-compound		{xe} {be'i}; {benji}		xebe'i	BAI*
xe'e	tcita le se cusku lo du'u la'e ri na'e itca	experimental cmavo		srana fa zo {itca} jo'u zo {steci} jo'u lu {su'anai} li'u			PA4
xe'e nai	tcita le se cusku lo du'u la'e ri itca	cmavo-compound		srana fa zo {itca} jo'u zo {steci} jo'u lu {su'anai} li'u			PA*4
xekcedipasopa	$x_1$ lojbo kusru $x_2$ ta'i $x_3$ noi simsa lo terta'a pe lo xekcedi be li pa so pa	fu'ivla		.i srana lo se .urli be zoi .urli. https://xkcd.com/191/ .urli.
xirngrevi	$x_1$ xirma la'o jutsi.Equus grevyi.jutsi.	fu'ivla		.e'u ko tcidu la'e zo {sriba'axi'a}
xirnku'aga	$x_1$ xirma la'o jutsi.Equus quagga.jutsi.	fu'ivla		.e'u ko tcidu la'e zo {sriba'axi'a}
xirnzebra	$x_1$ xirma la'o jutsi.Equus zebra.jutsi.	fu'ivla		.e'u ko tcidu la'e zo {sriba'axi'a}
xrubazi	$x_1$ zukte lo ka de'a ckaji $x_2$ kei fau lo nu $x_1$ kanpe lo nu $x_1$ ba zi di'a ckaji $x_2$	fu'ivla		srana fa zo {xruti} .e zo {ba} .e zo {zi} .e zo {kanpe} .e zo {ze'i} .e zo {cliva} .e zo {zvaxru} .e zo {klama}		xrubazi
za'enpli	$x_1$ pilno lo za'envla no'u $x_2$ $x_3$	fu'ivla		.i ko zgana zo {za'envla}
xei	saclu li pavo li paxa	experimental cmavo				xei	PA2
xe ka'a	fi'o xe klama	cmavo-compound		{xe} {ka'a}; {klama}		xeka'a	BAI*
xe'o	lu sei lo fatci tcini ku sampu je'u be tai lo dei ve skicu be'o jenai lujmau ru'adai li'u	experimental cmavo		.i smudu'i zoi glico "merely" glico mu'a			UI3
xe'u	brika'i .ije se lidne lo galfi be lo go'i bei lo selbrisle	experimental cmavo		.i ko sitna zo {ce'u} .e zo {bu'ai}			GOhA
xu'u	gadri lo bridi fo lo du'u sinxa su'o sucta be la'e vo'e	experimental cmavo		.i lo bridi noi se li'erla'i zo xu'u cu se fanmo zo {ku'au} .i lu {xu'u} bridi {ku'au} li'u dunli lu {lo} {su'u} bridi {kei} {ku} li'u lo ka smuni .i mupli fa lu xu'u ko'a na spuda lo mi xatra cu se lakne xu'u da raktu ko'a li'u .i srana zo {tu'ai}			LOhOI
xy bu	lu xy.bu li'u bu'ivla zoi ly.h.ly.	bu-letteral		smudu'i lu {y'y.bu} li'u
y bu	reremoi lerfu le lojbo	bu-letteral		{lerfu}		Y;ybu	BY*
y'y bu	lu y'y.bu li'u bu'ivla zoi ly.h.ly.	bu-letteral		smudu'i lu {xy.bu} li'u
za'e	tcita le se li'erla'i valsi le du'u ri zasni se finti gi'e ka'e se smuni lo na'e fadni	cmavo		{zasni} {smuni}		za'e	BAhE
zi'evla	$x_1$=$v_1$=$z_1$ na'e gismu na'e lujvo na'e cmevla brivla $x_2$=$v_2$=$z_2$ bau $x_3$=$v_3$	lujvo						zifre;valsi
zifcni	$x_1$ cinmo lo ka zifre $x_2$	lujvo						zifre;cinmo
zifcru	$x_1$ curmi le nu $x_2$ zifre $x_3$ boi $x_4$ kei $x_4$	lujvo		{zifre} {curmi}		zifcru		zifre;curmi
zilbri	fatci fa lo bridi be $x_1$ bei $x_2$	lujvo		selsmudu'i zo {brije'u} gi'e se srana zo {bridi}				zi'o;bridi
zilcte	lo solri cu tergu'i be naku lo tsani be $x_1$ ja'e lo nu $x_1$ manku	lujvo		srana fa zo {nicte} .e zo {manku}				zi'o;nicte
zilcu'i	ka'e ku $x_1$ jetnu .i $x_1$ cumki zi'o .i su'o mu'ei $x_1$ jetnu	lujvo						zi'o;cumki
zildau	zi'o $x_1$ darlu $x_2$	lujvo		{zi'o} {darlu}; {zu'u}		zildau		zi'o;darlu
zilfadni	ckaji $x_1$ fa so'i $x_2$	lujvo		srana fa zo {fadni} .e zo {zilrirci}				zi'o;fadni
zilfanva	zi'o fanva $x_1$ boi $x_2$ boi $x_3$ boi $x_4$	lujvo				zilfanva		zi'o;fanva
zilfi'i	da $x_1$ finti $x_2$	lujvo		srana fa zo {finti}				zi'o;finti
zilgu'orgau	$x_1$ gasnu lonu $x_2$ gunro zi'o $x_3$	lujvo						zi'o;gunro;gasnu
zilkai	zi'o ckaji $x_1$ .i va'i $x_1$ ka bu'a	lujvo		{zi'o} {ckaji}		zilkai		zi'o;ckaji
zilkancu	zi'o $x_1$ kancu $x_2$ boi $x_3$	lujvo		{zi'o} {kancu}		zilkancu		zi'o;kancu
zilkanxe	zi'o kanxe $x_1$ $x_2$	lujvo						zi'o;kanxe
zilkei	zi'o $x_1$=$k_2$ kelci	lujvo						zi'o;kelci
zilkeicna	$c_1$=$k_2$ zilkei gi'e canpa $c_2$	lujvo						zi'o;kelci;canpa
zilki'i	zi'o zi'o $x_1$ ckini	lujvo						zi'o;ckini
zilmre	zi'o merli $x_1$ $x_2$ $x_3$ $x_4$	lujvo						zi'o;merli
zilpa'a	zi'o $x_1$ pacna $x_2$	lujvo		{zi'o} {pacna}; {cu'o}		zilpa'a		zi'o;pacna
zilrirci	ckaji $x_1$ fa so'u $x_2$	lujvo		srana fa zo {rirci} .e zo {zilfadni}				zi'o;rirci
zilsa'u	na ku ka'e ku na ku $x_1$ jetnu .i $x_1$ sarcu zi'o zi'o .i ro mu'ei $x_1$ jetnu	lujvo						zi'o;sarcu
zilvlina	zi'o vlina $x_1$ $x_2$	lujvo						zi'o;vlina
zilxru	$x_1$ jai se krefu fai lo nu $x_2$ tcini jo nai vanbi $x_1$ kei noi ke'a basti lo nu $x_3$ tcini jo nai vanbi $x_1$	lujvo		ko catlu fe ji'a zo {xrugau} .e zo {xruti} .e zo {krefu} .e zo {rapli} .e zo {rinka}		zilxru		zi'o;xruti
zilxrugau	$x_1$ $x_2$ $x_3$ $x_4$ xruti	lujvo				xruti		zi'o;xruti;gasnu
zilzba	zi'o zbasu $x_1$ boi $x_2$	lujvo		{zi'o} {zbasu}		zilzba		zi'o;zbasu
zipcpi	$x_1$ na'e vofli je limna cipni $x_2$ gi'e me la'o gy Spheniscidae gy	lujvo						dzipo;cipni
zmajavdu'i	$x_1$ zmadu $x_2$ boi $x_3$ boi $x_4$ .ija $x_1$ dunli $x_2$ boi $x_3$	lujvo		{zmadu} {ja} {dunli}; {su'o}		zmajavdu'i		zmadu;ja;dunli
zmakai	$x_2$ zmadu $x_3$ lo ka $x_1$ ce'u ckaji	lujvo		zo {zmadu} .i zo {ckaji}				zmadu;ckaji
zmakanpe	da de poi ca ke'a da $x_2$ ckaji zo'u $x_1$ kanpe lo du'u lo ckaji be $x_2$ bei ca de dubmau da bei $x_3$ kei $x_4$	lujvo						zmadu;kanpe
zmanei	$x_1$ nelci $x_2$ noi ke'a zmadu $x_3$ lo ka $x_1$ nelci ce'u kei $x_4$ .i $x_2$ zmadu $x_3$ lo ka $x_1$ nelci ce'u kei $x_4$	lujvo		{zmadu}; {nelci}; {trajynei}		zmanei		zmadu;nelci
zmicre	$x_1$ poi'i lo nu ke'a certu $x_2$ se la'u ma kau cu rinka lo nu $x_1$ kakne lo ka ce'u zmiku $x_2$ kei ja lo ka zukte $x_2$ fau lo nu $x_1$ na pensi lo ve pruce	lujvo		srana fa zo {certu} .e zo {zmiku} .e zo {pensi} .e zo {pruce} .e zo {sanji}		zmicre		zmiku;certu
zukcfu	$x_1$ ricfu lo ka ce'u zukte xo kau da kei ja lo ka ma kau ni ce'u zukte .i $x_1$ zukte lo so'i mei noi $x_2$ me ke'a	lujvo				zukcfu		zukte;ricfu
zukcpe	$x_1$ cpedu fi $x_2$ fe lo ka zukte $x_3$	lujvo		srana fa zo {cpedu} .e zo {zukte}				zukte;cpedu
zukcu'a	$x_1$ cuxna fe $x_2$ fi $x_3$ fo lo ka ce'u zukte ce'u	lujvo		srana fa zo {zukte} .e zo {cuxna} .e zo {zu'edji} .e zo .{aidji}		zukcu'a		zukte;cuxna
zukmo'i	$x_1$ morji lo du'u $x_1$ aidji lo ka zukte $x_2$ kei gi'e ki'u zukte $x_2$	lujvo						zukte;morji
zukmu'i	$x_1$ mukti lo nu $x_2$ zukte $x_3$	lujvo				zukmu'i		zukte;mukti
zuksutra	$x_1$ sutra lonu $x_1$ zukte $x_2$ $x_3$	lujvo						zukte;sutra
zukti'i	$x_1$ stidi fi $x_2$ fe lo ka ce'u zukte $x_3$	lujvo		{e'u}; {e'unde}		zukti'i		zukte;stidi
zuktolmo'i	$x_1$ tolmo'i lo du'u $x_1$ aidji lo ka zukte $x_2$ kei gi'e ki'u na zukte $x_2$	lujvo						zukte;to'e;morji
zulbirka	$b_1$=$z_1$ $b_2$=$z_2$ birka gi'e zunle	lujvo		.e'u ko tcidu tu'a zo {pritybirka}				zunle;birka
zu'u nai	tcita le se cusku le du'u la'e ri zildau la'e le se tcita be zo zu'u	cmavo-compound		{zu'u} {nai}; {zildau}		zu'unai	UI*
zvabi'i	$x_1$ jbini $x_2$ lo ka ce'u zvati ma kau	lujvo		{zvati} {jbini}		zvabi'i		zvati;jbini
zvada'a	$x_1$ darca lo ka ce'u zvati $x_2$	lujvo		srana fa zo {zvati} .e zo {darca} .e zo {mulno} .e zo {binxo}		zvada'a		zvati;damba
zvada'o	$x_1$ darno $x_2$ lo ka ce'u ma kau zvati	lujvo				zvada'o		zvati;darno
zvadarze'a	$x_1$ zenba lo ni ce'u $x_2$ zvada'o ku $x_3$	lujvo		srana fa zo {zenba} .e zo {zvada'o}				zvati;darno;zenba
zvafa'i	$x_1$ facki ledu'u $x_2$ zvati $x_3$ i va'i $x_1$ to'e cirko $x_2$ boi $x_3$	lujvo						zvati;facki
zvaja'o	$x_1$ jarco lo ka ce'u zvati $x_2$ kei $x_3$	lujvo		srana fa zo {zvati} .e zo {jarco} .e zo {canci}		zvaja'o		zvati;jarco
zvajbi	$x_1$ jibni $x_2$ lo ka ce'u ma kau zvati	lujvo				zvajbi		zvati;jibni
zvajuncri	$x_1$ cirko lo ka ce'u djuno lo du'u $x_2$ zvati ma kau	lujvo		smudu'i zo {zvajuko}		zvajuncri		zvati;djuno;cirko
zvaju'o	$x_1$ djuno lo du'u $x_2$ zvati $x_3$	lujvo				zvaju'o		zvati;djuno